,format_id,num_pages,book_format
0,1,652,Paperback
1,2,912,Paperback
2,3,309,Hardcover
3,4,435,Mass Market Paperback
4,5,734,Paperback
5,6,2690,Paperback
6,7,3342,Hardcover
7,8,216,Mass Market Paperback
8,9,815,Paperback
9,10,544,Paperback
10,11,335,Paperback
11,12,304,Paperback
12,13,299,Paperback
13,14,254,Paperback
14,15,324,Paperback
15,16,270,Paperback
16,17,1728,Mass Market Paperback
17,18,1216,Paperback
18,19,398,Paperback
19,20,208,Hardcover
20,21,256,Hardcover
21,22,220,Paperback
22,23,388,Paperback
23,24,438,Paperback
24,25,352,Paperback
25,26,436,Mass Market Paperback
26,27,408,Mass Market Paperback
27,28,471,Mass Market Paperback
28,29,360,Paperback
29,30,738,Paperback
30,31,318,Paperback
31,32,348,Paperback
32,33,506,Paperback
33,34,292,Paperback
34,35,797,Paperback
35,36,117,Paperback
36,37,132,Paperback
37,38,352,Hardcover
38,39,796,Paperback
39,40,417,Mass Market Paperback
40,41,263,Paperback
41,42,525,Paperback
42,43,272,Paperback
43,44,589,Mass Market Paperback
44,45,440,Mass Market Paperback
45,46,307,Mass Market Paperback
46,47,298,Mass Market Paperback
47,48,306,Mass Market Paperback
48,49,248,Paperback
49,50,480,Paperback
50,51,241,Paperback
51,52,339,Paperback
52,53,1085,Hardcover
53,54,773,Paperback
54,55,776,Paperback
55,56,224,Paperback
56,57,238,Paperback
57,58,234,Paperback
58,59,231,Paperback
59,60,308,Paperback
60,61,306,Paperback
61,62,320,Paperback
62,63,181,Paperback
63,64,145,Hardcover
64,65,275,Paperback
65,66,608,Paperback
66,67,88,Paperback
67,68,245,Paperback
68,69,540,Mass Market Paperback
69,70,528,Paperback
70,71,1392,Paperback
71,72,1168,Paperback
72,73,173,Mass Market Paperback
73,74,105,Paperback
74,75,464,Paperback
75,76,172,Paperback
76,77,572,Hardcover
77,78,350,Hardcover
78,79,277,Hardcover
79,80,391,Paperback
80,81,228,Hardcover
81,82,164,Paperback
82,83,115,Mass Market Paperback
83,84,287,Paperback
84,85,1152,Mass Market Paperback
85,86,927,Paperback
86,87,308,Mass Market Paperback
87,88,499,Paperback
88,89,257,Paperback
89,90,197,Paperback
90,91,182,Paperback
91,92,180,Paperback
92,93,107,Paperback
93,94,503,Mass Market Paperback
94,95,434,Hardcover
95,96,736,Paperback
96,97,489,Paperback
97,98,556,Paperback
98,99,258,Paperback
99,100,288,Unknown Binding
100,101,384,Paperback
101,102,320,Unknown Binding
102,103,194,Paperback
103,104,472,Paperback
104,105,750,Hardcover
105,106,386,Paperback
106,107,418,Paperback
107,108,383,Paperback
108,109,269,Paperback
109,110,422,Paperback
110,111,1246,Paperback
111,112,268,Hardcover
112,113,487,Paperback
113,114,515,Paperback
114,115,368,Paperback
115,116,512,Paperback
116,117,317,Paperback
117,118,452,Paperback
118,119,526,Paperback
119,120,168,Paperback
120,121,716,Paperback
121,122,704,Library Binding
122,123,1556,Paperback
123,124,541,Paperback
124,125,289,Paperback
125,126,137,Hardcover
126,127,142,Paperback
127,128,336,Paperback
128,129,208,Paperback
129,130,273,Paperback
130,131,285,Paperback
131,132,69,Paperback
132,133,259,Paperback
133,134,75,Paperback
134,135,120,Paperback
135,136,226,Paperback
136,137,240,Mass Market Paperback
137,138,294,Paperback
138,139,272,Mass Market Paperback
139,140,55,Paperback
140,141,267,Paperback
141,142,547,Paperback
142,143,723,Paperback
143,144,498,Paperback
144,145,203,Paperback
145,146,562,Paperback
146,147,519,Hardcover
147,148,172,Mass Market Paperback
148,149,240,Paperback
149,150,176,Paperback
150,151,279,Paperback
151,152,593,Hardcover
152,153,449,Paperback
153,154,829,Paperback
154,155,192,Paperback
155,156,379,Paperback
156,157,464,Hardcover
157,158,588,Paperback
158,159,176,Hardcover
159,160,216,Hardcover
161,162,704,Mass Market Paperback
162,163,465,Paperback
163,164,288,Paperback
164,165,249,Paperback
165,166,303,Paperback
166,167,96,Hardcover
167,168,329,Paperback
168,169,460,Paperback
169,170,529,Paperback
170,171,916,Paperback
171,172,751,Paperback
172,173,217,Paperback
173,174,1120,Paperback
174,175,232,Paperback
175,176,905,Paperback
176,177,611,Hardcover
177,178,395,Hardcover
178,179,688,Paperback
179,180,608,Hardcover
180,181,528,Mass Market Paperback
181,182,374,Mass Market Paperback
182,183,118,Paperback
183,184,252,Hardcover
184,185,417,Paperback
185,186,326,Paperback
186,187,346,Paperback
187,188,307,Paperback
188,189,358,Paperback
189,190,76,Paperback
190,191,127,Paperback
191,192,230,Paperback
192,193,226,Hardcover
193,194,301,Paperback
194,195,323,Paperback
195,196,690,Paperback
196,197,64,Paperback
197,198,416,Mass Market Paperback
198,199,504,Paperback
199,200,261,Paperback
200,201,627,Paperback
201,202,763,Mass Market Paperback
202,203,331,Paperback
203,204,387,Mass Market Paperback
204,205,371,Paperback
205,206,729,Paperback
206,207,152,Paperback
207,208,128,Paperback
208,209,233,Paperback
209,210,77,Paperback
210,211,320,Hardcover
211,212,327,Paperback
212,213,331,Hardcover
213,214,242,Paperback
214,215,218,Paperback
215,216,372,Hardcover
216,217,144,Mass Market Paperback
217,218,119,Paperback
218,219,256,Paperback
219,220,450,Hardcover
220,221,314,Paperback
221,222,405,Paperback
222,223,321,Hardcover
223,224,408,Paperback
224,225,211,Paperback
225,226,244,Paperback
226,227,437,Paperback
227,228,554,Paperback
228,229,692,Mass Market Paperback
229,230,1104,Mass Market Paperback
230,231,196,Paperback
231,232,225,Paperback
232,233,351,Paperback
233,234,341,Paperback
234,235,276,Mass Market Paperback
235,236,338,Paperback
236,237,342,Paperback
237,238,514,Hardcover
238,239,310,Hardcover
239,240,339,Mass Market Paperback
240,241,257,Mass Market Paperback
241,242,2088,Paperback
242,243,1059,Mass Market Paperback
243,244,709,Hardcover
244,245,389,Paperback
245,246,431,Hardcover
246,247,195,Paperback
247,248,148,Paperback
248,249,445,Paperback
249,250,403,Hardcover
250,251,245,Mass Market Paperback
251,252,222,Paperback
252,253,160,Paperback
253,254,347,Paperback
254,255,448,Paperback
255,256,247,Paperback
256,257,192,Mass Market Paperback
257,258,264,Paperback
258,259,653,Paperback
259,260,511,Paperback
260,261,448,Mass Market Paperback
261,262,1023,Paperback
262,263,190,Paperback
263,264,291,Paperback
264,265,255,Paperback
265,266,496,Hardcover
266,267,189,Paperback
267,268,891,Mass Market Paperback
268,269,731,Mass Market Paperback
269,270,769,Hardcover
270,271,563,Mass Market Paperback
271,272,311,Paperback
272,273,159,Paperback
273,274,639,Paperback
274,275,205,Hardcover
275,276,302,Paperback
276,277,404,Paperback
277,278,304,Hardcover
278,279,640,Paperback
279,280,198,Paperback
280,281,165,Paperback
281,282,948,Audio CD
282,283,305,Paperback
283,284,260,Paperback
284,285,542,Paperback
285,286,158,Mass Market Paperback
286,287,496,Paperback
287,288,455,Paperback
288,289,601,Paperback
289,290,635,Paperback
290,291,637,Paperback
291,292,344,Paperback
292,293,483,Paperback
293,294,482,Mass Market Paperback
294,295,650,Paperback
295,296,448,Hardcover
296,297,368,Mass Market Paperback
297,298,576,Paperback
298,299,1064,Hardcover
299,300,714,Mass Market Paperback
300,301,354,Paperback
301,302,184,Hardcover
302,303,461,Hardcover
303,304,224,Hardcover
304,305,98,Hardcover
305,306,240,Hardcover
306,307,188,Paperback
307,308,495,Paperback
308,309,185,Mass Market Paperback
309,310,467,Paperback
310,311,26,Board book
311,312,475,Hardcover
312,313,401,Paperback
313,314,960,Mass Market Paperback
314,315,145,Paperback
315,316,310,Paperback
316,317,324,Hardcover
317,318,725,Mass Market Paperback
318,319,976,Paperback
319,320,432,Paperback
320,321,1237,Hardcover
321,322,296,Paperback
322,323,336,Hardcover
323,324,1050,Mass Market Paperback
325,326,544,Mass Market Paperback
326,327,463,Paperback
327,328,845,Paperback
328,329,277,Paperback
329,330,201,Paperback
330,331,187,Paperback
331,332,268,Paperback
332,333,309,Mass Market Paperback
333,334,434,Paperback
334,335,522,Paperback
335,336,376,Paperback
336,337,672,Mass Market Paperback
337,338,328,Paperback
338,339,648,Paperback
339,340,465,Mass Market Paperback
340,341,454,Paperback
341,342,603,Paperback
342,343,99,Paperback
343,344,1270,Hardcover
344,345,78,Paperback
345,346,214,Paperback
346,347,96,Paperback
347,348,266,Paperback
348,349,184,Paperback
349,350,360,Hardcover
350,351,278,Paperback
351,352,229,Paperback
352,353,533,Paperback
353,354,419,Paperback
354,355,416,Paperback
355,356,440,Paperback
356,357,632,Paperback
357,358,276,Paperback
358,359,947,Paperback
359,360,1258,Paperback
360,361,972,Paperback
361,362,594,Hardcover
362,363,198,Hardcover
363,364,384,Hardcover
364,365,373,Paperback
365,366,328,Mass Market Paperback
366,367,400,Hardcover
367,368,340,Paperback
368,369,896,Hardcover
369,370,1313,Hardcover
370,371,162,Hardcover
371,372,276,Hardcover
372,373,439,Paperback
373,374,1552,Hardcover
374,375,138,Paperback
375,376,680,Paperback
376,377,733,Paperback
377,378,548,Paperback
378,379,912,Mass Market Paperback
379,380,560,Paperback
380,381,210,Paperback
381,382,867,Paperback
382,383,296,Hardcover
383,384,640,Mass Market Paperback
384,385,623,Paperback
385,386,672,Paperback
386,387,366,Paperback
387,388,60,Paperback
388,389,1040,Paperback
389,390,408,Hardcover
390,391,488,Hardcover
391,392,316,Hardcover
392,393,1020,Hardcover
393,394,170,Paperback
394,395,453,Paperback
395,396,166,Paperback
396,397,1144,Paperback
397,398,156,Paperback
398,399,241,Hardcover
399,400,329,Mass Market Paperback
400,401,56,Hardcover
401,402,199,Paperback
402,403,32,Paperback
403,404,520,Paperback
404,405,243,Hardcover
405,406,250,Hardcover
406,407,160,Hardcover
408,409,32,Hardcover
409,410,223,Hardcover
410,411,237,Paperback
411,412,141,Hardcover
412,413,175,Hardcover
413,414,163,Hardcover
414,415,313,Mass Market Paperback
415,416,337,Mass Market Paperback
416,417,326,Mass Market Paperback
417,418,511,Hardcover
418,419,453,Mass Market Paperback
419,420,383,Mass Market Paperback
420,421,356,Paperback
421,422,378,Mass Market Paperback
422,423,400,Paperback
423,424,152,Hardcover
424,425,798,Hardcover
425,426,67,Paperback
426,427,232,Hardcover
427,428,209,Paperback
428,429,204,Paperback
429,430,142,Hardcover
430,431,353,Paperback
431,432,343,Hardcover
432,433,1088,Paperback
433,434,426,Paperback
434,435,321,Mass Market Paperback
435,436,1016,Hardcover
436,437,336,Mass Market Paperback
437,438,474,Paperback
438,439,227,Paperback
439,440,1182,Paperback
440,441,233,Hardcover
441,442,213,Hardcover
442,443,235,Paperback
443,444,610,Hardcover
444,445,396,Hardcover
445,446,1276,Paperback
446,447,671,Paperback
447,448,625,Paperback
448,449,362,Paperback
449,450,848,Paperback
450,451,800,Mass Market Paperback
451,452,106,Paperback
452,453,243,Paperback
453,454,546,Hardcover
454,455,452,Hardcover
455,456,386,Hardcover
456,457,337,Paperback
457,458,359,Paperback
458,459,304,Mass Market Paperback
459,460,289,Mass Market Paperback
460,461,122,Paperback
461,462,750,Paperback
462,463,752,Paperback
463,464,431,Paperback
464,465,399,Mass Market Paperback
465,466,489,Mass Market Paperback
466,467,327,Mass Market Paperback
467,468,480,Mass Market Paperback
468,469,464,Mass Market Paperback
469,470,300,Mass Market Paperback
470,471,82,Paperback
471,472,80,Paperback
472,473,668,Paperback
473,474,64,Hardcover
474,475,72,Hardcover
475,476,48,Paperback
476,477,2,Audio CD
477,478,246,Paperback
478,479,349,Paperback
479,480,205,Paperback
480,481,566,Paperback
481,482,592,Hardcover
482,483,144,Paperback
483,484,341,Mass Market Paperback
484,485,382,Paperback
485,486,438,Mass Market Paperback
486,487,374,Paperback
487,488,372,Paperback
488,489,405,Mass Market Paperback
489,490,320,Mass Market Paperback
490,491,685,Paperback
491,492,906,Paperback
492,493,124,Paperback
493,494,241,Mass Market Paperback
494,495,385,Paperback
495,496,209,Hardcover
496,497,388,Hardcover
497,498,592,Mass Market Paperback
498,499,250,Paperback
499,500,574,Hardcover
500,501,430,Paperback
501,502,95,Paperback
502,503,139,Hardcover
503,504,649,Paperback
504,505,216,Paperback
505,506,249,Mass Market Paperback
506,507,333,Paperback
507,508,342,Hardcover
508,509,256,Mass Market Paperback
509,510,220,Hardcover
510,511,206,Mass Market Paperback
511,512,202,Mass Market Paperback
512,513,197,Mass Market Paperback
513,514,370,Mass Market Paperback
514,515,576,Mass Market Paperback
515,516,578,Paperback
516,517,820,Paperback
517,518,416,Hardcover
518,519,388,Mass Market Paperback
519,520,407,Mass Market Paperback
520,521,359,Hardcover
521,522,1848,Hardcover
522,523,401,Hardcover
523,524,397,Mass Market Paperback
524,525,153,Paperback
525,526,335,Hardcover
526,527,557,Hardcover
527,528,469,Paperback
528,529,367,Hardcover
529,530,451,Mass Market Paperback
530,531,1007,Mass Market Paperback
531,532,507,Mass Market Paperback
532,533,385,Mass Market Paperback
533,534,282,Paperback
534,535,219,Paperback
535,536,297,Paperback
536,537,461,Paperback
537,538,375,Hardcover
538,539,801,Paperback
539,540,512,Hardcover
540,541,321,Paperback
541,542,800,Paperback
542,543,334,Hardcover
543,544,420,Paperback
544,545,283,Paperback
545,546,546,Paperback
546,547,178,Paperback
547,548,183,Paperback
548,549,368,Hardcover
549,550,749,Mass Market Paperback
550,551,560,Hardcover
551,552,643,Paperback
552,553,939,Paperback
553,554,1139,Paperback
554,555,532,Paperback
555,556,958,Paperback
556,557,447,Paperback
557,558,523,Paperback
558,559,409,Paperback
559,560,527,Paperback
560,561,288,Hardcover
561,562,1199,Hardcover
562,563,513,Hardcover
563,564,449,Mass Market Paperback
564,565,1009,Paperback
565,566,178,Mass Market Paperback
566,567,605,Paperback
567,568,547,Mass Market Paperback
568,569,896,Paperback
569,570,836,Paperback
570,571,512,Mass Market Paperback
571,572,432,Mass Market Paperback
572,573,659,Paperback
573,574,427,Paperback
574,575,370,Paperback
575,576,704,Paperback
576,577,595,Paperback
577,578,411,Paperback
578,579,293,Paperback
579,580,130,Paperback
580,581,295,Paperback
581,582,586,Paperback
582,583,675,Hardcover
583,584,387,Paperback
584,585,423,Paperback
585,586,403,Paperback
586,587,850,Mass Market Paperback
587,588,980,Paperback
588,589,1443,Mass Market Paperback
589,590,507,Paperback
590,591,870,Paperback
591,592,207,Paperback
592,593,628,Paperback
593,594,271,Hardcover
594,595,510,Paperback
595,596,767,Paperback
596,597,286,Paperback
597,598,607,Paperback
598,599,342,Mass Market Paperback
599,600,600,Mass Market Paperback
600,601,884,Mass Market Paperback
601,602,709,Mass Market Paperback
602,603,147,Paperback
603,604,1148,Paperback
604,605,274,Paperback
605,606,252,Paperback
606,607,174,Paperback
607,608,479,Paperback
608,609,157,Paperback
609,610,221,Paperback
610,611,369,Paperback
611,612,956,Mass Market Paperback
612,613,264,Mass Market Paperback
613,614,592,Paperback
614,615,402,Mass Market Paperback
615,616,497,Paperback
616,617,732,Paperback
617,618,451,Paperback
618,619,458,Paperback
619,620,693,Paperback
620,621,466,Paperback
621,622,361,Paperback
622,623,399,Hardcover
623,624,200,Paperback
624,625,1207,Paperback
625,626,460,Mass Market Paperback
626,627,510,Mass Market Paperback
627,628,468,Mass Market Paperback
628,629,165,Mass Market Paperback
629,630,212,Paperback
630,631,208,Mass Market Paperback
631,632,500,Mass Market Paperback
632,633,313,Paperback
633,634,343,Paperback
634,635,501,Paperback
635,636,491,Mass Market Paperback
636,637,246,Hardcover
637,638,179,Paperback
638,639,606,Paperback
639,640,163,Paperback
640,641,485,Hardcover
641,642,811,Paperback
642,643,711,Paperback
643,644,721,Paperback
644,645,1056,Paperback
645,646,309,Paperback
646,647,667,Paperback
647,648,622,Paperback
648,649,436,Paperback
649,650,412,Paperback
650,651,1080,Paperback
651,652,937,Paperback
652,653,1024,Paperback
653,654,1240,Paperback
654,655,291,Hardcover
655,656,710,Mass Market Paperback
656,657,561,Paperback
657,658,414,Paperback
658,659,428,Paperback
659,660,1181,Paperback
660,661,144,Hardcover
661,662,442,Paperback
662,663,125,Paperback
663,664,169,Paperback
664,665,338,Mass Market Paperback
665,666,121,Paperback
666,667,769,Paperback
667,668,218,Mass Market Paperback
668,669,314,Mass Market Paperback
669,670,175,Paperback
670,671,884,Paperback
671,672,253,Paperback
672,673,263,Hardcover
673,674,496,Mass Market Paperback
674,675,393,Paperback
675,676,419,Hardcover
676,677,424,Paperback
677,678,409,Hardcover
678,679,461,Mass Market Paperback
679,680,481,Paperback
680,681,403,Mass Market Paperback
681,682,445,Mass Market Paperback
682,683,1232,Hardcover
683,684,380,Paperback
684,685,612,Paperback
685,686,835,Mass Market Paperback
686,687,1060,Mass Market Paperback
687,688,280,Paperback
688,689,280,Mass Market Paperback
689,690,281,Paperback
690,691,180,Mass Market Paperback
691,692,40,Paperback
692,693,499,Mass Market Paperback
693,694,485,Mass Market Paperback
694,695,527,Mass Market Paperback
695,696,512,
696,697,581,Hardcover
697,698,284,Mass Market Paperback
698,699,274,Mass Market Paperback
699,700,362,Mass Market Paperback
700,701,384,Mass Market Paperback
701,702,860,Mass Market Paperback
702,703,880,Mass Market Paperback
703,704,780,Mass Market Paperback
704,705,596,Mass Market Paperback
705,706,608,Mass Market Paperback
706,707,554,Mass Market Paperback
707,708,407,Hardcover
708,709,400,Mass Market Paperback
709,710,479,Mass Market Paperback
710,711,319,Mass Market Paperback
711,712,206,Paperback
712,713,1006,Paperback
713,714,444,Paperback
714,715,446,Paperback
715,716,462,Paperback
716,717,425,Paperback
717,718,135,Paperback
718,719,126,Paperback
719,720,393,Trade Paperback
720,721,48,Hardcover
721,722,290,Paperback
722,723,140,Paperback
723,724,356,Mass Market Paperback
724,725,360,Mass Market Paperback
725,726,136,Paperback
726,727,259,Mass Market Paperback
727,728,501,Hardcover
728,729,478,Paperback
729,730,215,Paperback
730,731,488,Paperback
731,732,577,Paperback
732,733,374,Hardcover
733,734,537,Paperback
734,735,647,Paperback
735,736,440,Hardcover
736,737,832,Hardcover
737,738,1344,Paperback
738,739,194,Hardcover
739,740,355,Paperback
740,741,265,Paperback
741,742,364,Hardcover
742,743,167,Paperback
743,744,422,Hardcover
744,745,438,Hardcover
745,746,550,Paperback
746,747,235,Hardcover
747,748,278,Mass Market Paperback
748,749,159,Hardcover
749,750,322,Paperback
750,751,149,Paperback
751,752,415,Mass Market Paperback
752,753,456,Mass Market Paperback
753,754,471,Paperback
754,755,726,Paperback
755,756,189,Hardcover
756,757,166,Mass Market Paperback
757,758,490,Paperback
758,759,224,Mass Market Paperback
759,760,352,Mass Market Paperback
760,761,688,Mass Market Paperback
761,762,214,Hardcover
762,763,582,Hardcover
763,764,1110,Mass Market Paperback
764,765,357,Paperback
765,766,718,Paperback
766,767,722,Paperback
767,768,832,Paperback
768,769,818,Paperback
769,770,275,Hardcover
770,771,518,Hardcover
771,772,390,Paperback
772,773,624,Paperback
773,774,441,Paperback
774,775,569,Paperback
775,776,656,Paperback
776,777,242,Hardcover
777,778,191,Hardcover
778,779,396,Paperback
779,780,273,Hardcover
780,781,322,Hardcover
781,782,364,Paperback
782,783,410,Mass Market Paperback
783,784,476,Mass Market Paperback
784,785,199,Hardcover
785,786,236,Paperback
786,787,633,Paperback
787,788,983,Paperback
788,789,558,Paperback
789,790,295,Mass Market Paperback
790,791,131,Paperback
791,792,414,Hardcover
792,793,500,Library Binding
793,794,271,Paperback
794,795,679,Paperback
795,796,801,Hardcover
796,797,365,Mass Market Paperback
797,798,104,Paperback
798,799,186,Paperback
799,800,534,Mass Market Paperback
800,801,597,Paperback
801,802,581,Paperback
802,803,143,Paperback
803,804,459,Paperback
804,805,583,Paperback
805,806,213,Paperback
806,807,747,Mass Market Paperback
807,808,517,Mass Market Paperback
808,809,59,Paperback
809,810,109,Paperback
810,811,233,Mass Market Paperback
811,812,97,Paperback
812,813,565,Paperback
813,814,654,Paperback
814,815,1088,Mass Market Paperback
815,816,236,Mass Market Paperback
816,817,281,Mass Market Paperback
817,818,1041,Paperback
818,819,785,Paperback
819,820,1090,Mass Market Paperback
820,821,86,Paperback
821,822,424,Mass Market Paperback
822,823,1037,Mass Market Paperback
823,824,113,Paperback
824,825,404,Mass Market Paperback
825,826,112,Paperback
826,827,156,Mass Market Paperback
827,828,203,Mass Market Paperback
828,829,433,Hardcover
829,830,468,Paperback
830,831,839,Paperback
831,832,4211,Paperback
832,833,619,Paperback
833,834,557,Paperback
834,835,957,Paperback
835,836,394,Paperback
836,837,754,Mass Market Paperback
837,838,646,Paperback
838,839,589,Paperback
839,840,456,Paperback
840,841,397,Paperback
841,842,482,Paperback
842,843,659,Mass Market Paperback
843,844,274,Hardcover
844,845,592,Kindle Edition
845,846,244,Mass Market Paperback
846,847,160,Mass Market Paperback
847,848,126,Hardcover
848,849,231,Hardcover
849,850,57,Paperback
850,851,129,Paperback
851,852,1312,Paperback
852,853,192,Hardcover
853,854,188,
854,855,645,Paperback
855,856,38,Paperback
856,857,567,Mass Market Paperback
857,858,750,Mass Market Paperback
858,859,990,Mass Market Paperback
859,860,1273,Paperback
860,861,1137,Paperback
861,862,618,Hardcover
862,863,451,Hardcover
863,864,992,Hardcover
864,865,67,Hardcover
865,866,579,Paperback
866,867,168,Mass Market Paperback
867,868,367,Paperback
868,869,498,Audio Cassette
869,870,228,Paperback
870,871,351,Mass Market Paperback
871,872,369,Mass Market Paperback
872,873,393,Hardcover
873,874,418,Mass Market Paperback
874,875,422,Mass Market Paperback
875,876,319,Hardcover
876,877,14,Audiobook
877,878,429,Paperback
878,879,15,Audio Cassette
879,880,356,Hardcover
880,881,402,Paperback
881,882,345,Paperback
882,883,330,Paperback
883,884,262,Paperback
884,885,282,Kindle Edition
885,886,367,Mass Market Paperback
886,887,371,Hardcover
887,888,120,Mass Market Paperback
888,889,271,Mass Market Paperback
889,890,56,Paperback
890,891,72,Paperback
891,892,703,Hardcover
892,893,491,Paperback
893,894,202,Paperback
894,895,58,Paperback
895,896,264,Hardcover
896,897,166,Hardcover
897,898,486,Paperback
898,899,880,Paperback
899,900,415,Paperback
900,901,248,Hardcover
901,902,316,Paperback
902,903,263,Mass Market Paperback
903,904,185,Paperback
904,905,230,Hardcover
905,906,375,Paperback
906,907,312,Paperback
907,908,421,Paperback
908,909,158,Paperback
909,910,151,Paperback
910,911,223,Paperback
911,912,612,Slipcased Hardcover
912,913,377,Paperback
913,914,1072,Paperback
914,915,821,Hardcover
915,916,123,Paperback
916,917,344,Mass Market Paperback
917,918,756,Paperback
918,919,247,Mass Market Paperback
919,920,239,Paperback
920,921,439,Mass Market Paperback
921,922,1463,Mass Market Paperback
922,923,6576,Hardcover
923,924,520,Mass Market Paperback
924,925,315,Paperback
925,926,710,Paperback
926,927,1456,Hardcover
927,928,193,Paperback
928,929,298,Paperback
929,930,244,Hardcover
930,931,363,Paperback
931,932,229,Mass Market Paperback
932,933,578,Mass Market Paperback
933,934,582,Paperback
934,935,350,Mass Market Paperback
935,936,480,Hardcover
936,937,183,Hardcover
937,938,1076,Paperback
938,939,116,Hardcover
939,940,391,Hardcover
940,941,341,Hardcover
941,942,399,Paperback
942,943,381,Paperback
943,944,363,Hardcover
944,945,239,Mass Market Paperback
945,946,378,Paperback
946,947,493,Paperback
947,948,568,Paperback
948,949,576,Hardcover
949,950,470,Mass Market Paperback
950,951,530,Hardcover
951,952,279,Hardcover
952,953,563,Paperback
953,954,635,Hardcover
954,955,660,Paperback
955,956,485,Paperback
956,957,574,Mass Market Paperback
957,958,598,Mass Market Paperback
958,959,644,Paperback
959,960,84,Paperback
960,961,784,Paperback
961,962,430,Mass Market Paperback
962,963,1083,Paperback
963,964,828,Mass Market Paperback
964,965,349,Mass Market Paperback
965,966,900,Hardcover
966,967,519,Paperback
967,968,392,Mass Market Paperback
968,969,447,Mass Market Paperback
969,970,778,Paperback
970,971,454,Hardcover
971,972,332,Paperback
972,973,559,Paperback
973,974,442,Hardcover
974,975,290,Hardcover
975,976,933,Paperback
976,977,334,Paperback
977,978,156,
978,979,339,Hardcover
979,980,492,Paperback
980,981,160,Unknown Binding
981,982,204,Mass Market Paperback
982,983,181,Mass Market Paperback
983,984,178,Hardcover
984,985,112,Hardcover
985,986,104,Hardcover
986,987,701,Mass Market Paperback
987,988,551,Paperback
988,989,212,Hardcover
989,990,529,Mass Market Paperback
990,991,644,Mass Market Paperback
991,992,456,Hardcover
992,993,501,Mass Market Paperback
993,994,722,Mass Market Paperback
994,995,288,Mass Market Paperback
995,996,147,Mass Market Paperback
996,997,243,Mass Market Paperback
997,998,764,Paperback
998,999,573,Paperback
999,1000,1017,Paperback
1000,1001,1021,Paperback
1001,1002,839,Hardcover
1002,1003,457,Mass Market Paperback
1003,1004,566,Mass Market Paperback
1004,1005,774,Paperback
1005,1006,354,Hardcover
1006,1007,675,Paperback
1007,1008,774,Mass Market Paperback
1008,1009,413,Mass Market Paperback
1009,1010,433,Paperback
1010,1011,684,Mass Market Paperback
1011,1012,575,Paperback
1012,1013,376,Hardcover
1013,1014,946,Paperback
1014,1015,437,Mass Market Paperback
1015,1016,820,Hardcover
1016,1017,518,Paperback
1017,1018,564,Paperback
1018,1019,518,Mass Market Paperback
1019,1020,454,Mass Market Paperback
1020,1021,498,Mass Market Paperback
1021,1022,134,Paperback
1022,1023,658,Paperback
1023,1024,225,Hardcover
1024,1025,594,Paperback
1025,1026,794,Mass Market Paperback
1026,1027,332,Hardcover
1027,1028,277,Mass Market Paperback
1028,1029,184,Mass Market Paperback
1029,1030,723,Mass Market Paperback
1030,1031,210,Hardcover
1031,1032,387,Hardcover
1032,1033,432,Hardcover
1033,1034,328,Hardcover
1034,1035,325,Paperback
1035,1036,269,Hardcover
1036,1037,105,Hardcover
1037,1038,301,Hardcover
1038,1039,159,Mass Market Paperback
1039,1040,936,Paperback
1040,1041,500,Paperback
1041,1042,405,Hardcover
1042,1043,720,Paperback
1043,1044,161,Paperback
1044,1045,590,Hardcover
1045,1046,307,Hardcover
1046,1047,515,Hardcover
1047,1048,407,Paperback
1048,1049,535,Paperback
1049,1050,325,Hardcover
1050,1051,375,Mass Market Paperback
1051,1052,265,Mass Market Paperback
1052,1053,102,Paperback
1053,1054,256,Library Binding
1054,1055,552,Hardcover
1055,1056,433,Mass Market Paperback
1056,1057,624,Mass Market Paperback
1057,1058,96,Library Binding
1058,1059,914,Mass Market Paperback
1059,1060,191,Paperback
1060,1061,297,Mass Market Paperback
1061,1062,345,ebook
1062,1063,1011,Mass Market Paperback
1063,1064,705,Paperback
1064,1065,418,Hardcover
1065,1066,294,Hardcover
1066,1067,441,Mass Market Paperback
1067,1068,580,Paperback
1068,1069,427,Hardcover
1069,1070,299,Hardcover
1070,1071,406,Paperback
1071,1072,181,Hardcover
1072,1073,544,Hardcover
1073,1074,283,Hardcover
1074,1075,661,Paperback
1075,1076,385,Hardcover
1076,1077,292,Hardcover
1077,1078,149,Hardcover
1078,1079,630,Paperback
1079,1080,410,Paperback
1080,1081,261,Mass Market Paperback
1081,1082,327,Hardcover
1082,1083,774,Hardcover
1083,1084,283,Library Binding
1084,1085,370,Hardcover
1085,1086,629,Paperback
1086,1087,571,Mass Market Paperback
1087,1088,1173,Paperback
1088,1089,286,Mass Market Paperback
1089,1090,560,Mass Market Paperback
1090,1091,450,Paperback
1091,1092,463,Hardcover
1092,1093,916,Hardcover
1093,1094,110,Paperback
1094,1095,214,Trade Paperback
1095,1096,922,Paperback
1096,1097,702,Paperback
1097,1098,319,Paperback
1098,1099,5,Audio CD
1099,1100,6,Audio CD
1100,1101,406,Hardcover
1101,1102,526,Mass Market Paperback
1102,1103,199,Mass Market Paperback
1103,1104,741,Paperback
1104,1105,426,Mass Market Paperback
1105,1106,772,Paperback
1106,1107,816,Paperback
1107,1108,413,Paperback
1108,1109,555,Paperback
1109,1110,221,Hardcover
1110,1111,177,Paperback
1111,1112,530,Mass Market Paperback
1112,1113,128,Hardcover
1113,1114,549,Mass Market Paperback
1114,1115,392,Paperback
1115,1116,340,Hardcover
1116,1117,132,Hardcover
1117,1118,190,Hardcover
1118,1119,562,Hardcover
1119,1120,525,Mass Market Paperback
1120,1121,894,Mass Market Paperback
1121,1122,599,Mass Market Paperback
1122,1123,455,Mass Market Paperback
1123,1124,393,Mass Market Paperback
1124,1125,434,Mass Market Paperback
1125,1126,732,Mass Market Paperback
1126,1127,868,Paperback
1127,1128,1042,Paperback
1128,1129,229,Hardcover
1129,1130,252,Mass Market Paperback
1130,1131,188,Hardcover
1131,1132,337,Hardcover
1132,1133,639,Mass Market Paperback
1133,1134,88,Hardcover
1134,1135,657,Paperback
1135,1136,9,Audio Cassette
1136,1137,570,Paperback
1137,1138,481,Mass Market Paperback
1138,1139,587,Hardcover
1139,1140,748,Mass Market Paperback
1140,1141,2480,Mass Market Paperback
1141,1142,836,Mass Market Paperback
1142,1143,623,Mass Market Paperback
1143,1144,497,Mass Market Paperback
1144,1145,681,Paperback
1145,1146,490,Mass Market Paperback
1146,1147,504,Mass Market Paperback
1147,1148,404,Hardcover
1148,1149,2934,Hardcover
1149,1150,856,Paperback
1150,1151,351,Hardcover
1151,1152,1635,Paperback
1152,1153,305,Mass Market Paperback
1153,1154,760,Hardcover
1154,1155,906,Mass Market Paperback
1155,1156,789,Mass Market Paperback
1156,1157,1223,Mass Market Paperback
1157,1158,1008,Mass Market Paperback
1158,1159,768,Hardcover
1159,1160,808,Paperback
1160,1161,260,Hardcover
1161,1162,85,Paperback
1162,1163,392,Hardcover
1163,1164,610,Paperback
1164,1165,566,Hardcover
1165,1166,803,Hardcover
1166,1167,313,Hardcover
1167,1168,679,Mass Market Paperback
1168,1169,272,Hardcover
1169,1170,291,Mass Market Paperback
1170,1171,116,Paperback
1171,1172,355,Mass Market Paperback
1172,1173,137,Paperback
1173,1174,850,Paperback
1174,1175,345,Mass Market Paperback
1175,1176,389,Hardcover
1176,1177,1204,Paperback
1177,1178,398,Mass Market Paperback
1178,1179,412,Mass Market Paperback
1179,1180,108,Paperback
1180,1181,1281,Hardcover
1181,1182,283,Mass Market Paperback
1182,1183,563,Hardcover
1183,1184,484,Mass Market Paperback
1184,1185,509,Paperback
1185,1186,343,Mass Market Paperback
1186,1187,1272,Hardcover
1187,1188,1474,Paperback
1188,1189,66,Paperback
1189,1190,353,Mass Market Paperback
1190,1191,394,Mass Market Paperback
1191,1192,863,Paperback
1192,1193,139,Mass Market Paperback
1193,1194,909,Paperback
1194,1195,152,Mass Market Paperback
1195,1196,114,Paperback
1196,1197,488,Mass Market Paperback
1197,1198,615,Hardcover
1198,1199,162,Paperback
1199,1200,475,Paperback
1200,1201,91,Paperback
1201,1202,179,Hardcover
1202,1203,470,Unknown Binding
1203,1204,670,Hardcover
1204,1205,1015,Mass Market Paperback
1205,1206,666,Mass Market Paperback
1206,1207,604,Hardcover
1207,1208,470,Paperback
1208,1209,567,Paperback
1209,1210,174,Hardcover
1210,1211,115,Paperback
1211,1212,531,Paperback
1212,1213,805,Paperback
1213,1214,636,Paperback
1214,1215,293,Mass Market Paperback
1215,1216,486,Mass Market Paperback
1216,1217,828,Paperback
1217,1218,882,Paperback
1218,1219,251,Mass Market Paperback
1219,1220,656,Hardcover
1220,1221,300,Paperback
1221,1222,219,Hardcover
1222,1223,347,Mass Market Paperback
1223,1224,506,Hardcover
1224,1225,275,Mass Market Paperback
1225,1226,539,Paperback
1226,1227,420,Mass Market Paperback
1227,1228,338,Hardcover
1228,1229,231,Mass Market Paperback
1229,1230,311,Hardcover
1230,1231,197,Hardcover
1231,1232,446,Mass Market Paperback
1232,1233,100,Paperback
1233,1234,977,Paperback
1234,1235,175,Mass Market Paperback
1235,1236,746,Paperback
1236,1237,62,Paperback
1237,1238,284,Hardcover
1238,1239,139,Paperback
1239,1240,580,Mass Market Paperback
1240,1241,154,Mass Market Paperback
1241,1242,98,Paperback
1242,1243,509,Mass Market Paperback
1243,1244,366,Mass Market Paperback
1244,1245,361,Mass Market Paperback
1245,1246,372,Mass Market Paperback
1246,1247,827,Mass Market Paperback
1247,1248,324,Mass Market Paperback
1248,1249,294,Mass Market Paperback
1249,1250,688,Hardcover
1250,1251,345,Hardcover
1251,1252,1177,Mass Market Paperback
1252,1253,247,Hardcover
1253,1254,108,Paperback
1254,1255,786,Paperback
1255,1256,1128,Paperback
1256,1257,577,Hardcover
1257,1258,376,Mass Market Paperback
1258,1259,155,Paperback
1259,1260,246,Mass Market Paperback
1260,1261,380,Mass Market Paperback
1261,1262,379,Mass Market Paperback
1262,1263,353,Hardcover
1263,1264,323,Hardcover
1264,1265,3403,Hardcover
1265,1266,221,Mass Market Paperback
1266,1267,452,Mass Market Paperback
1267,1268,288,School & Library Binding
1268,1269,746,Mass Market Paperback
1269,1270,131,Mass Market Paperback
1270,1271,254,Hardcover
1271,1272,383,Hardcover
1272,1273,519,Mass Market Paperback
1273,1274,251,Paperback
1274,1275,117,Hardcover
1275,1276,691,Paperback
1276,1277,881,Hardcover
1277,1278,1030,Paperback
1278,1279,638,Mass Market Paperback
1279,1280,541,Hardcover
1280,1281,346,Mass Market Paperback
1281,1282,661,Mass Market Paperback
1282,1283,317,Hardcover
1283,1284,249,Hardcover
1284,1285,81,Paperback
1285,1286,670,Paperback
1287,1288,318,Hardcover
1288,1289,187,Mass Market Paperback
1289,1290,255,Hardcover
1290,1291,2114,Paperback
1291,1292,211,Mass Market Paperback
1292,1293,712,Paperback
1293,1294,605,Hardcover
1294,1295,359,Mass Market Paperback
1295,1296,468,Hardcover
1296,1297,876,Paperback
1297,1298,268,Mass Market Paperback
1298,1299,124,Hardcover
1300,1301,490,Hardcover
1301,1302,167,Mass Market Paperback
1302,1303,557,Mass Market Paperback
1303,1304,2546,Paperback
1304,1305,784,Mass Market Paperback
1305,1306,825,Paperback
1306,1307,120,Hardcover
1307,1308,306,Hardcover
1308,1309,511,Mass Market Paperback
1309,1310,782,Hardcover
1310,1311,555,Hardcover
1311,1312,735,Paperback
1312,1313,478,Mass Market Paperback
1313,1314,182,Mass Market Paperback
1314,1315,287,Hardcover
1315,1316,300,Hardcover
1316,1317,766,Paperback
1317,1318,262,Mass Market Paperback
1318,1319,354,Mass Market Paperback
1319,1320,227,Mass Market Paperback
1320,1321,225,Mass Market Paperback
1321,1322,350,Paperback
1322,1323,292,Mass Market Paperback
1323,1324,572,Mass Market Paperback
1324,1325,285,Mass Market Paperback
1325,1326,613,Mass Market Paperback
1326,1327,443,Mass Market Paperback
1327,1328,289,Hardcover
1328,1329,493,Mass Market Paperback
1329,1330,320,ebook
1330,1331,1408,Paperback
1331,1332,474,Mass Market Paperback
1332,1333,584,Paperback
1333,1334,285,Hardcover
1334,1335,410,Hardcover
1335,1336,674,Paperback
1336,1337,87,Paperback
1337,1338,808,paper
1338,1339,613,Paperback
1339,1340,692,Unknown Binding
1340,1341,295,Hardcover
1341,1342,731,Hardcover
1342,1343,90,Paperback
1343,1344,348,Hardcover
1344,1345,924,Hardcover
1345,1346,80,Hardcover
1346,1347,389,Mass Market Paperback
1347,1348,494,Paperback
1348,1349,280,Hardcover
1349,1350,614,Paperback
1350,1351,486,Hardcover
1351,1352,607,Hardcover
1352,1353,340,Mass Market Paperback
1353,1354,331,Mass Market Paperback
1354,1355,611,Paperback
1355,1356,616,Mass Market Paperback
1356,1357,612,Mass Market Paperback
1357,1358,93,Paperback
1358,1359,720,Mass Market Paperback
1359,1360,1,Paperback
1360,1361,482,Hardcover
1361,1362,301,Mass Market Paperback
1362,1363,1167,Paperback
1363,1364,52,Paperback
1364,1365,278,Perfect Paperback
1365,1366,171,Paperback
1366,1367,62,Hardcover
1367,1368,207,Hardcover
1368,1369,278,Hardcover
1369,1370,429,Hardcover
1370,1371,860,Paperback
1371,1372,286,Hardcover
1372,1373,1492,Hardcover
1373,1374,706,Paperback
1374,1375,730,Paperback
1375,1376,864,Paperback
1376,1377,694,Mass Market Paperback
1377,1378,458,Hardcover
1378,1379,585,Mass Market Paperback
1379,1380,237,
1380,1381,421,Mass Market Paperback
1381,1382,533,Hardcover
1382,1383,146,Paperback
1383,1384,651,Mass Market Paperback
1384,1385,357,Mass Market Paperback
1385,1386,538,Paperback
1386,1387,390,Hardcover
1387,1388,675,Mass Market Paperback
1388,1389,160,
1389,1390,401,Mass Market Paperback
1390,1391,94,Paperback
1391,1392,466,Mass Market Paperback
1392,1393,1332,Paperback
1393,1394,523,Mass Market Paperback
1394,1395,1152,Paperback
1395,1396,912,Hardcover
1396,1397,89,Paperback
1397,1398,589,Hardcover
1398,1399,469,Mass Market Paperback
1399,1400,258,Mass Market Paperback
1400,1401,32,Library Binding
1401,1402,213,Mass Market Paperback
1402,1403,332,Mass Market Paperback
1403,1404,1049,Mass Market Paperback
1404,1405,631,Paperback
1405,1406,284,Paperback
1406,1407,502,Mass Market Paperback
1407,1408,312,Mass Market Paperback
1408,1409,50,Mass Market Paperback
1409,1410,260,Mass Market Paperback
1410,1411,411,Hardcover
1411,1412,501,ebook
1412,1413,516,Paperback
1413,1414,420,Hardcover
1414,1415,630,Hardcover
1415,1416,768,Paperback
1416,1417,412,Hardcover
1417,1418,103,Paperback
1418,1419,396,Mass Market Paperback
1419,1420,258,Comics
1420,1421,1468,Paperback
1421,1422,50,Paperback
1422,1423,238,Hardcover
1423,1424,362,Hardcover
1424,1425,154,Paperback
1425,1426,161,Hardcover
1426,1427,695,Mass Market Paperback
1427,1428,1500,Hardcover
1428,1429,70,Paperback
1429,1430,975,Paperback
1430,1431,312,Hardcover
1431,1432,50,Hardcover
1432,1433,596,ebook
1433,1434,198,Mass Market Paperback
1434,1435,704,Hardcover
1435,1436,534,Paperback
1436,1437,186,Mass Market Paperback
1437,1438,692,Hardcover
1438,1439,749,Paperback
1439,1440,1,Mass Market Paperback
1440,1441,970,Hardcover
1441,1442,472,Hardcover
1442,1443,183,Mass Market Paperback
1443,1444,173,Paperback
1444,1445,224,Comics
1445,1446,872,Paperback
1446,1447,602,Hardcover
1447,1448,93,Hardcover
1448,1449,676,Paperback
1449,1450,237,Hardcover
1450,1451,832,Mass Market Paperback
1451,1452,282,Mass Market Paperback
1452,1453,68,Paperback
1453,1454,463,Mass Market Paperback
1454,1455,689,Paperback
1455,1456,110,Hardcover
1456,1457,281,Hardcover
1457,1458,790,Paperback
1458,1459,528,Hardcover
1459,1460,936,Pocket Book
1460,1461,378,Hardcover
1461,1462,624,Hardcover
1462,1463,460,Hardcover
1463,1464,508,Paperback
1464,1465,791,Mass Market Paperback
1465,1466,846,Mass Market Paperback
1466,1467,469,Hardcover
1467,1468,402,Hardcover
1468,1469,584,Mass Market Paperback
1469,1470,543,Paperback
1470,1471,896,Boxed Set - Hardcover
1471,1472,672,Hardcover
1472,1473,348,Mass Market Paperback
1473,1474,503,Paperback
1474,1475,2700,Paperback
1475,1476,230,Mass Market Paperback
1476,1477,100,Hardcover
1477,1478,1394,Paperback
1478,1479,816,Hardcover
1479,1480,908,Paperback
1480,1481,394,Hardcover
1481,1482,573,Mass Market Paperback
1482,1483,150,Hardcover
1483,1484,44,Hardcover
1484,1485,540,Paperback
1485,1486,851,Hardcover
1486,1487,536,Paperback
1487,1488,136,Mass Market Paperback
1488,1489,267,Hardcover
1489,1490,69,Hardcover
1490,1491,785,Mass Market Paperback
1491,1492,244,Audio CD
1492,1493,1150,Hardcover
1493,1494,534,Hardcover
1494,1495,692,Paperback
1495,1496,696,Paperback
1496,1497,472,Mass Market Paperback
1497,1498,397,Hardcover
1498,1499,819,Hardcover
1499,1500,266,Hardcover
1500,1501,222,Hardcover
1501,1502,103,Mass Market Paperback
1502,1503,253,Unknown Binding
1503,1504,310,Mass Market Paperback
1504,1505,684,Hardcover
1505,1506,191,Mass Market Paperback
1506,1507,709,Paperback
1507,1508,379,Hardcover
1508,1509,930,Paperback
1509,1510,28,Paperback
1510,1511,462,Mass Market Paperback
1511,1512,759,Hardcover
1512,1513,531,Mass Market Paperback
1513,1514,740,Mass Market Paperback
1514,1515,3,Audio CD
1515,1516,1056,Hardcover
1516,1517,739,Mass Market Paperback
1517,1518,583,Hardcover
1518,1519,406,Mass Market Paperback
1519,1520,169,Hardcover
1520,1521,282,Hardcover
1521,1522,308,Hardcover
1522,1523,91,Hardcover
1523,1524,685,Mass Market Paperback
1524,1525,84,Hardcover
1525,1526,314,Hardcover
1526,1527,626,Paperback
1527,1528,239,Hardcover
1528,1529,26,Hardcover
1529,1530,344,Hardcover
1530,1531,262,Hardcover
1531,1532,330,Hardcover
1532,1533,513,Mass Market Paperback
1533,1534,679,Hardcover
1534,1535,79,Paperback
1535,1536,382,Hardcover
1536,1537,1152,Hardcover
1537,1538,334,Mass Market Paperback
1538,1539,83,Paperback
1539,1540,302,Hardcover
1540,1541,494,Mass Market Paperback
1541,1542,944,Mass Market Paperback
1542,1543,40,Hardcover
1543,1544,46,Hardcover
1544,1545,554,Hardcover
1545,1546,290,
1546,1547,791,Hardcover
1547,1548,657,Hardcover
1548,1549,118,Hardcover
1549,1550,141,Mass Market Paperback
1550,1551,521,Paperback
1551,1552,443,Paperback
1552,1553,886,Hardcover
1553,1554,395,Paperback
1554,1555,2339,Paperback
1555,1556,1087,Mass Market Paperback
1556,1557,812,Mass Market Paperback
1557,1558,513,Paperback
1558,1559,713,Paperback
1559,1560,220,Mass Market Paperback
1560,1561,303,Hardcover
1561,1562,943,Paperback
1562,1563,950,Hardcover
1563,1564,532,Mass Market Paperback
1564,1565,650,Hardcover
1565,1566,95,Hardcover
1566,1567,154,Hardcover
1567,1568,928,Paperback
1568,1569,248,Mass Market Paperback
1569,1570,824,Paperback
1570,1571,510,Hardcover
1571,1572,259,Hardcover
1572,1573,36,Hardcover
1573,1574,1312,Hardcover
1574,1575,467,Mass Market Paperback
1575,1576,36,Paperback
1576,1577,155,Hardcover
1577,1578,318,Mass Market Paperback
1578,1579,925,Mass Market Paperback
1579,1580,302,Mass Market Paperback
1580,1581,24,
1581,1582,1160,Paperback
1582,1583,600,Paperback
1583,1584,751,Mass Market Paperback
1584,1585,1028,Mass Market Paperback
1585,1586,326,Hardcover
1586,1587,695,Paperback
1587,1588,54,Paperback
1588,1589,549,Paperback
1589,1590,386,Mass Market Paperback
1590,1591,381,Mass Market Paperback
1591,1592,662,Hardcover
1592,1593,365,Hardcover
1593,1594,925,Hardcover
1594,1595,287,Mass Market Paperback
1595,1596,1796,Paperback
1596,1597,23,Audio Cassette
1597,1598,725,Paperback
1598,1599,459,Mass Market Paperback
1599,1600,212,Mass Market Paperback
1600,1601,455,Hardcover
1601,1602,9,MP3 CD
1602,1603,373,Mass Market Paperback
1603,1604,365,Paperback
1604,1605,2432,Hardcover
1605,1606,187,Paperback
1606,1607,9,Paperback
1607,1608,431,Mass Market Paperback
1608,1609,476,Paperback
1609,1610,4272,Hardcover
1610,1611,794,Paperback
1611,1612,311,Mass Market Paperback
1612,1613,629,Mass Market Paperback
1613,1614,176,Mass Market Paperback
1614,1615,439,Hardcover
1615,1616,426,Hardcover
1616,1617,203,Hardcover
1617,1618,251,Hardcover
1618,1619,217,Hardcover
1619,1620,864,Trade Paperback
1620,1621,228,Mass Market Paperback
1621,1622,60,Hardcover
1622,1623,281,ebook
1623,1624,944,Hardcover
1624,1625,628,Mass Market Paperback
1625,1626,775,Mass Market Paperback
1626,1627,305,Hardcover
1627,1628,395,Mass Market Paperback
1628,1629,64,Mass Market Paperback
1629,1630,108,Hardcover
1630,1631,1009,Mass Market Paperback
1631,1632,897,Paperback
1633,1634,974,Paperback
1634,1635,1184,Leather Bound
1635,1636,609,Paperback
1636,1637,674,Mass Market Paperback
1637,1638,373,Hardcover
1638,1639,61,Hardcover
1639,1640,182,Hardcover
1640,1641,705,Mass Market Paperback
1641,1642,564,Mass Market Paperback
1642,1643,458,Mass Market Paperback
1643,1644,740,Paperback
1644,1645,5,Paperback
1645,1646,15,Paperback
1646,1647,483,Mass Market Paperback
1647,1648,506,Mass Market Paperback
1648,1649,435,Paperback
1649,1650,822,Audio CD
1650,1651,960,Paperback
1651,1652,272,Pocket Book
1652,1653,135,Hardcover
1653,1654,505,Mass Market Paperback
1654,1655,591,Paperback
1655,1656,444,Mass Market Paperback
1656,1657,24,Paperback
1657,1658,656,Mass Market Paperback
1658,1659,530,Paperback
1659,1660,253,Mass Market Paperback
1660,1661,371,Mass Market Paperback
1661,1662,411,Mass Market Paperback
1662,1663,1424,Mass Market Paperback
1663,1664,2400,Leather Bound
1664,1665,681,Mass Market Paperback
1665,1666,509,Hardcover
1666,1667,296,Mass Market Paperback
1667,1668,65,Paperback
1668,1669,73,Paperback
1669,1670,240,Board Book
1670,1671,681,Hardcover
1671,1672,666,Hardcover
1672,1673,614,Hardcover
1673,1674,933,Mass Market Paperback
1674,1675,56,Library Binding
1675,1676,160,ebook
1676,1677,449,Hardcover
1677,1678,101,Paperback
1678,1679,597,Hardcover
1679,1680,355,Hardcover
1680,1681,366,Trade Paperback
1681,1682,1213,Hardcover
1682,1683,315,Hardcover
1683,1684,112,Mass Market Paperback
1684,1685,171,Hardcover
1685,1686,358,Mass Market Paperback
1686,1687,315,Mass Market Paperback
1687,1688,486,Mass Market Paperback
1688,1689,717,Paperback
1689,1690,92,Paperback
1690,1691,489,Hardcover
1691,1692,20,Board book
1692,1693,232,Mass Market Paperback
1693,1694,2580,Paperback
1694,1695,535,Mass Market Paperback
1695,1696,390,Mass Market Paperback
1696,1697,245,Hardcover
1697,1698,899,Hardcover
1698,1699,776,Mass Market Paperback
1699,1700,192,cloth
1700,1701,817,Paperback
1701,1702,111,Paperback
1702,1703,859,Mass Market Paperback
1703,1704,369,Hardcover
1704,1705,325,Mass Market Paperback
1705,1706,186,Hardcover
1706,1707,462,Hardcover
1707,1708,358,Hardcover
1708,1709,238,Mass Market Paperback
1709,1710,925,Paperback
1710,1711,768,Mass Market Paperback
1711,1712,523,Leather Bound
1712,1713,415,Hardcover
1713,1714,736,Mass Market Paperback
1714,1715,522,Hardcover
1715,1716,545,Hardcover
1716,1717,552,Mass Market Paperback
1717,1718,118,Mass Market Paperback
1718,1719,473,Paperback
1719,1720,551,Hardcover
1720,1721,567,Kindle Edition
1721,1722,533,Mass Market Paperback
1722,1723,308,ebook
1723,1724,620,Paperback
1724,1725,816,Mass Market Paperback
1725,1726,253,Hardcover
1726,1727,844,Paperback
1727,1728,421,Hardcover
1728,1729,960,Hardcover
1729,1730,620,Hardcover
1730,1731,834,Paperback
1731,1732,1376,Mass Market Paperback
1732,1733,640,Hardcover
1733,1734,517,Hardcover
1734,1735,414,Mass Market Paperback
1735,1736,655,Paperback
1736,1737,678,Mass Market Paperback
1737,1738,447,Hardcover
1738,1739,258,Hardcover
1739,1740,602,Paperback
1740,1741,34,Board book
1741,1742,377,Mass Market Paperback
1742,1743,38,Hardcover
1743,1744,870,Mass Market Paperback
1744,1745,279,Mass Market Paperback
1745,1746,52,Hardcover
1746,1747,1400,Paperback
1747,1748,134,Mass Market Paperback
1748,1749,614,Mass Market Paperback
1749,1750,150,Mass Market Paperback
1750,1751,196,Hardcover
1751,1752,140,Hardcover
1752,1753,602,Mass Market Paperback
1753,1754,629,Hardcover
1754,1755,192,Diary
1755,1756,664,Mass Market Paperback
1756,1757,398,Hardcover
1757,1758,728,Paperback
1758,1759,63,Hardcover
1759,1760,492,Hardcover
1760,1761,457,Hardcover
1761,1762,114,Hardcover
1762,1763,734,Hardcover
1763,1764,24,Hardcover
1764,1765,254,Mass Market Paperback
1765,1766,1104,Paperback
1766,1767,340,MP3 CD
1767,1768,1033,Paperback
1768,1769,189,Mass Market Paperback
1769,1770,173,Hardcover
1770,1771,44,Paperback
1771,1772,690,Hardcover
1772,1773,1200,Hardcover
1773,1774,1203,Mass Market Paperback
1774,1775,1076,Mass Market Paperback
1775,1776,215,Mass Market Paperback
1776,1777,747,Paperback
1777,1778,297,Hardcover
1778,1779,236,Hardcover
1779,1780,477,Mass Market Paperback
1780,1781,9,Audio CD
1781,1782,417,Hardcover
1782,1783,550,Hardcover
1783,1784,23,Paperback
1784,1785,1147,Hardcover
1785,1786,673,Hardcover
1786,1787,314,
1787,1788,16,Board book
1788,1789,150,Paperback
1789,1790,115,Hardcover
1790,1791,988,Mass Market Paperback
1791,1792,1774,Paperback
1792,1793,317,Mass Market Paperback
1793,1794,398,Audio CD
1794,1795,1534,Paperback
1795,1796,352,MP3 CD
1796,1797,986,Hardcover
1797,1798,187,Hardcover
1798,1799,57,Hardcover
1799,1800,498,Hardcover
1800,1801,888,Mass Market Paperback
1801,1802,754,Paperback
1802,1803,1044,Paperback
1803,1804,548,Hardcover
1804,1805,257,Hardcover
1805,1806,270,Mass Market Paperback
1806,1807,803,Paperback
1807,1808,242,Mass Market Paperback
1808,1809,442,Mass Market Paperback
1809,1810,615,Paperback
1810,1811,2624,Paperback
1811,1812,714,Paperback
1812,1813,1229,Leather Bound
1813,1814,100,Library Binding
1814,1815,500,Hardcover
1815,1816,1184,Paperback
1816,1817,180,Audio Cassette
1817,1818,833,Paperback
1818,1819,3420,Paperback
1819,1820,204,Hardcover
1820,1821,18,Paperback
1821,1822,377,Hardcover
1822,1823,808,Hardcover
1823,1824,250,Mass Market Paperback
1824,1825,423,Hardcover
1825,1826,532,Hardcover
1826,1827,125,Hardcover
1827,1828,830,Hardcover
1828,1829,2,Audio Cassette
1829,1830,2,Audiobook
1831,1832,603,Hardcover
1832,1833,742,Paperback
1833,1834,23,Hardcover
1834,1835,668,Mass Market Paperback
1835,1836,864,Hardcover
1836,1837,568,Hardcover
1837,1838,381,Hardcover
1838,1839,133,Paperback
1839,1840,596,Paperback
1840,1841,495,Mass Market Paperback
1841,1842,63,Paperback
1842,1843,869,Paperback
1843,1844,663,Paperback
1844,1845,524,Mass Market Paperback
1846,1847,3,Audio Cassette
1847,1848,1690,Hardcover
1848,1849,739,Hardcover
1849,1850,7,Audio CD
1850,1851,244,Library Binding
1851,1852,1310,Paperback
1852,1853,58,Hardcover
1853,1854,74,Paperback
1854,1855,724,Paperback
1855,1856,536,Mass Market Paperback
1856,1857,788,Mass Market Paperback
1857,1858,111,Hardcover
1858,1859,1147,Mass Market Paperback
1859,1860,564,Hardcover
1860,1861,1050,Paperback
1861,1862,409,Mass Market Paperback
1862,1863,214,Mass Market Paperback
1863,1864,180,Hardcover
1864,1865,664,Hardcover
1865,1866,990,Paperback
1866,1867,680,Mass Market Paperback
1867,1868,464,Audiobook
1868,1869,165,Hardcover
1869,1870,791,Paperback
1870,1871,1145,Hardcover
1871,1872,16,Board Book
1872,1873,413,Hardcover
1873,1874,130,Pocket Book
1874,1875,782,Paperback
1875,1876,647,Mass Market Paperback
1876,1877,101,Hardcover
1877,1878,787,Paperback
1878,1879,200,Mass Market Paperback
1879,1880,382,Mass Market Paperback
1880,1881,1008,Paperback
1881,1882,590,Paperback
1882,1883,703,Paperback
1883,1884,190,Mass Market Paperback
1884,1885,428,Hardcover
1885,1886,288,Library Binding
1886,1887,502,Hardcover
1887,1888,376,
1888,1889,4100,Hardcover
1889,1890,303,Mass Market Paperback
1890,1891,215,Hardcover
1891,1892,593,Paperback
1892,1893,558,Hardcover
1893,1894,664,Paperback
1894,1895,31,Library Binding
1895,1896,441,Trade Paperback
1896,1897,737,Paperback
1897,1898,41,Hardcover
1898,1899,613,Hardcover
1899,1900,36,ebook
1900,1901,962,Blue Pew Edition
1901,1902,2057,Hardcover
1902,1903,1008,Hardcover
1903,1904,536,Trade Paperback
1904,1905,261,Hardcover
1905,1906,71,Paperback
1906,1907,703,Mass Market Paperback
1907,1908,32,
1908,1909,129,Hardcover
1909,1910,567,Hardcover
1910,1911,237,Mass Market Paperback
1911,1912,298,Hardcover
1912,1913,616,Slipcased Hardcover
1913,1914,3033,Paperback
1914,1915,1232,Paperback
1915,1916,658,Hardcover
1916,1917,834,Hardcover
1917,1918,47,Hardcover
1918,1919,148,Mass Market Paperback
1919,1920,942,Hardcover
1920,1921,766,Hardcover
1921,1922,711,Hardcover
1922,1923,1452,Hardcover
1923,1924,569,Hardcover
1924,1925,347,Hardcover
1925,1926,545,Paperback
1926,1927,838,Hardcover
1927,1928,600,
1928,1929,760,Paperback
1929,1930,792,Paperback
1930,1931,523,Hardcover
1931,1932,211,Hardcover
1932,1933,756,Hardcover
1933,1934,824,Hardcover
1934,1935,329,Hardcover
1935,1936,810,
1936,1937,232,Comic
1937,1938,299,Mass Market Paperback
1938,1939,994,Hardcover
1939,1940,527,Hardcover
1940,1941,1046,Mass Market Paperback
1941,1942,716,Hardcover
1942,1943,633,Hardcover
1943,1944,688,ebook
1944,1945,580,Hardcover
1945,1946,346,Hardcover
1946,1947,861,Paperback
1947,1948,465,Hardcover
1948,1949,412,Audiobook
1949,1950,799,Paperback
1950,1951,878,Hardcover
1951,1952,209,Mass Market Paperback
1952,1953,153,Hardcover
1953,1954,483,Hardcover
1954,1955,256,
1955,1956,596,Hardcover
1956,1957,904,Hardcover
1957,1958,124,Mass Market Paperback
1959,1960,8,MP3 CD
1960,1961,219,Mass Market Paperback
1961,1962,853,Paperback
1962,1963,479,Hardcover
1963,1964,1844,Paperback
1964,1965,196,Library Binding
1966,1967,453,Hardcover
1967,1968,507,Hardcover
1968,1969,1463,Hardcover
1969,1970,61,Paperback
1970,1971,164,Hardcover
1971,1972,191,Mass Market Paberback
1972,1973,516,Hardcover
1973,1974,47,Paperback
1974,1975,148,Hardcover
1975,1976,736,Hardcover
1976,1977,206,Hardcover
1977,1978,598,Hardcover
1978,1979,270,Hardcover
1979,1980,635,Mass Market Paperback
1980,1981,12,Hardcover
1981,1982,177,Hardcover
1982,1983,124,Library Binding
1983,1984,75,Hardcover
1984,1985,138,Hardcover
1985,1986,473,Mass Market Paperback
1986,1987,590,Mass Market Paperback
1987,1988,158,Hardcover
1988,1989,136,Comics
1989,1990,466,Hardcover
1990,1991,1590,Hardcover
1991,1992,61,Unknown Binding
1992,1993,222,Mass Market Paperback
1993,1994,467,Hardcover
1994,1995,202,Hardcover
1995,1996,195,Hardcover
1996,1997,204,
1997,1998,167,Hardcover
1998,1999,717,Mass Market Paperback
1999,2000,227,Hardcover
2000,2001,234,Hardcover
2001,2002,424,Hardcover
2002,2003,1093,Paperback
2003,2004,45,Paperback
2004,2005,522,Mass Market Paperback
2005,2006,535,Hardcover
2006,2007,536,Hardcover
2007,2008,361,Hardcover
2008,2009,68,Hardcover
2009,2010,477,Hardcover
2010,2011,653,Hardcover
2012,2013,218,Hardcover
2013,2014,48,Library Binding
2014,2015,435,Hardcover
2015,2016,1345,Paperback
2016,2017,525,Hardcover
2017,2018,671,Hardcover
2018,2019,478,Hardcover
2019,2020,444,Hardcover
2020,2021,565,Hardcover
2021,2022,748,Hardcover
2022,2023,892,Hardcover
2023,2024,1536,Hardcover
2024,2025,812,Paperback
2025,2026,723,Hardcover
2026,2027,380,Hardcover
2027,2028,502,Paperback
2028,2029,323,Mass Market Paperback
2029,2030,936,Hardcover
2030,2031,699,Hardcover
2031,2032,391,Mass Market Paperback
2032,2033,260,Library Binding
2033,2034,784,Hardcover
2034,2035,293,Hardcover
2035,2036,624,Brochura
2036,2037,1600,Hardcover
2037,2038,544,Pocket Book
2038,2039,840,Hardcover
2039,2040,133,Hardcover
2040,2041,146,Hardcover
2041,2042,574,Paperback
2042,2043,436,Hardcover
2043,2044,24,Board Book
2044,2045,7,Paperback
2045,2046,107,
2046,2047,1952,Hardcover
2047,2048,366,Hardcover
2048,2049,2,Hardcover
2049,2050,391,ebook
2050,2051,102,Hardcover
2051,2052,87,Hardcover
2052,2053,70,Hardcover
2053,2054,221,
2054,2055,172,Hardcover
2055,2056,349,Hardcover
2056,2057,39,Paperback
2057,2058,1218,Paperback
2058,2059,384,
2059,2060,1620,Paperback
2060,2061,18,Board book
2061,2062,168,Hardcover
2062,2063,556,Hardcover
2063,2064,224,
2064,2065,718,Hardcover
2065,2066,937,Hardcover
2066,2067,499,Hardcover
2067,2068,220,ebook
2068,2069,1050,Hardcover
2069,2070,510,hardcover
2070,2071,682,Hardcover
2071,2072,330,Mass Market Paperback
2072,2073,170,Hardcover
2073,2074,662,Paperback
2074,2075,531,Hardcover
2075,2076,539,Mass Market Paperback
2076,2077,446,Hardcover
2077,2078,320,Library Binding
2078,2079,312,Library Binding
2079,2080,20,Board Book
2080,2081,740,Hardcover
2081,2082,65,Audio CD
2082,2083,752,Hardcover
2083,2084,109,Hardcover
2084,2085,400,
2085,2086,1032,Paperback
2086,2087,262,Kindle Edition
2087,2088,526,Hardcover
2088,2089,521,Hardcover
2089,2090,30,
2090,2091,145,Trade Paperback
2091,2092,677,Hardcover
2092,2093,156,Hardcover
2093,2094,775,Hardcover
2094,2095,645,Mass Market Paperback
2095,2096,256,Hardback
2096,2097,471,Hardcover
2097,2098,231,
2098,2099,1342,Hardcover
2099,2100,62,Hardback
2100,2101,173,paperback
2101,2102,158,
2102,2103,8245,Paperback
2103,2104,76,
2104,2105,379,Library Binding
2105,2106,543,Hardcover
2106,2107,1024,Hardcover
2107,2108,2424,Paperback
2108,2109,608,Slipcased Hardcover
2109,2110,427,Mass Market Paperback
2110,2111,1,Podiobook
2111,2112,504,Hardcover
2112,2113,201,Mass Market Paperback
2113,2114,236,
2114,2115,27,
2115,2116,264,
2116,2117,255,ebook
2117,2118,339,Trade Paperback
2118,2119,146,
2119,2120,424,Kindle Edition
2121,2122,636,Mass Market Paperback
2122,2123,689,Mass Market Paperback
2123,2124,984,Hardcover
2124,2125,151,Hardcover
2125,2126,143,Hardcover
2126,2127,586,Hardcover
2127,2128,357,Hardcover
2128,2129,148,Kindle Edition
2129,2130,202,ebook
2130,2131,15,ebook
2131,2132,441,Hardcover
2132,2133,264,ebook
2133,2134,423,Kindle Edition
2134,2135,425,Mass Market Paperback
2135,2136,1280,Mass Market Paperback
2136,2137,553,Hardcover
2137,2138,86,Hardcover
2138,2139,246,ebook
2139,2140,38,ebook
2140,2141,72,Mass Market Paperback
2141,2142,1,Audiobook
2142,2143,143,ebook
2143,2144,200,Hardcover
2144,2145,2078,Mass Market Paperback
2145,2146,29,Paperback
2146,2147,628,Hardcover
2147,2148,982,Hardcover
2148,2149,508,Hardcover
2149,2150,93,Kindle Edition
2150,2151,2752,Hardcover
2151,2152,503,Hardcover
2153,2154,333,Mass Market Paperback
2154,2155,91,Kindle Edition
2155,2156,96,Mass Market Paperback
2156,2157,599,Paperback
2157,2158,399,
2158,2159,488,Kindle Edition
2159,2160,627,Hardcover
2160,2161,322,Kindle Edition
2161,2162,91,ebook
2162,2163,298,ebook
2163,2164,141,Library Binding
2164,2165,645,Hardcover
2165,2166,108,Kindle Edition
2166,2167,1243,Kindle Edition
2167,2168,444,ebook
2168,2169,144,paperback
2169,2170,141,softcover
2170,2171,264,A 5
2171,2172,81,Kindle Edition
2172,2173,280,
2173,2174,342,Perfect Paperback
2176,2177,288,Kindle Edition
2177,2178,268,Kindle Edition
2178,2179,285,ebook
2179,2180,12,Board Book
2180,2181,225,Kindle Edition
2181,2182,505,Paperback
2182,2183,424,Leather Bound
2183,2184,470,Hardcover
2184,2185,1392,Hardcover
2185,2186,619,Hardcover
2186,2187,1027,Kindle Edition
2187,2188,78,Library Binding
2188,2189,540,Hardcover
2189,2190,430,Hardcover
2190,2191,30,Paperback
2191,2192,447,
2192,2193,138,Mass Market Paperback
2193,2194,351,Novel
2194,2195,2500,Paperback
2195,2196,384,Library Binding
2196,2197,1074,Hardcover
2197,2198,96,Kindle Edition
2198,2199,384,web
2199,2200,48,
2200,2201,201,Hardcover
2201,2202,810,Paperback
2202,2203,697,Paperback
2203,2204,127,Hardcover
2204,2205,578,Hardcover
2205,2206,238,Kindle Edition
2206,2207,42,ebook
2207,2208,352,paperback
2208,2209,240,Kindle Edition
2209,2210,599,Hardcover
2210,2211,1744,Hardcover
2211,2212,136,Hardcover
2212,2213,266,Mass Market Paperback
2213,2214,1520,Hardcover
2214,2215,132,Kindle Edition
2215,2216,609,Hardcover
2216,2217,491,Hardcover
2217,2218,473,Hardcover
2218,2219,487,Hardcover
2219,2220,198,Kindle Edition
2220,2221,43,Paperback
2221,2222,384,Kindle Edition
2222,2223,524,Hardcover
2223,2224,11,Audio CD
2224,2225,248,Kindle Edition
2225,2226,263,Kindle Edition
2226,2227,416,Kindle Edition
2227,2228,2176,Mass Market Paperback
2228,2229,10,Audio CD
2229,2230,484,Paperback
2230,2231,338,Kindle Edition
2231,2232,476,Hardcover
2232,2233,312,Kindle Edition
2233,2234,632,Mass Market Paperback
2234,2235,733,Hardcover
2235,2236,827,Kindle Edition
2236,2237,456,
2237,2238,494,Hardcover
2238,2239,675,
2239,2240,579,Hardcover
2240,2241,425,Hardcover
2241,2242,685,Hardcover
2242,2243,252,ebook
2243,2244,196,
2244,2245,669,Hardcover
2245,2246,265,Hardcover
2246,2247,706,Hardcover
2247,2248,240,ebook
2248,2249,224,ebook
2249,2250,517,Paperback
2250,2251,789,Paperback
2251,2252,250,
2252,2253,571,Hardcover
2253,2254,953,Paperback Shinsho
2254,2255,665,Hardcover
2255,2256,926,Paperback
2256,2257,188,Mass Market Paperback
2257,2258,112,ebook
2258,2259,1007,Hardcover
2259,2260,28,Audiobook
2260,2261,30,ebook
2261,2262,384,ebook
2262,2263,985,Hardcover
2263,2264,484,Hardcover
2264,2265,1165,Hardcover
2265,2266,497,Hardcover
2266,2267,22,Paperback
2267,2268,292,ebook
2268,2269,1737,Paperback
2269,2270,13,Audio CD
2270,2271,849,Hardcover
2271,2272,1166,Paperback
2272,2273,602,ebook
2273,2274,121,Hardcover
2274,2275,207,
2275,2276,287,
2276,2277,340,ebook
2277,2278,545,ebook
2278,2279,1531,Hardcover
2279,2280,481,Hardcover
2280,2281,18,
2281,2282,2940,
2282,2283,192,Nook
2283,2284,1155,Hardcover
2284,2285,336,Kindle Edition
2285,2286,678,Hardcover
2286,2287,637,Hardcover
2287,2288,1104,Hardcover
2288,2289,288,ebook
2289,2290,59,ebook
2290,2291,474,Kindle Edition
2291,2292,215,ebook
2292,2293,1032,Hardcover
2293,2294,222,Kindle Edition
2294,2295,361,Kindle Edition
2295,2296,304,Kindle Edition
2296,2297,107,Kindle Edition
2297,2298,369,Kindle Edition
2298,2299,405,Kindle Edition
2299,2300,321,Kindle Edition
2300,2301,1427,ebook
2301,2302,622,Hardcover
2302,2303,863,Hardcover
2303,2304,134,Audio CD
2304,2305,862,Paperback
2305,2306,368,Library Binding
2306,2307,828,Hardcover
2307,2308,400,ebook
2308,2309,495,Hardcover
2309,2310,215,Kindle Edition
2310,2311,921,Hardcover
2311,2312,208,Kindle Edition
2312,2313,333,Hardcover
2313,2314,515,Mass Market Paperback
2314,2315,400,Kindle Edition
2315,2316,252,Kindle Edition
2316,2317,32,ebook
2317,2318,143,Mass Market Paperback
2318,2319,432,Kindle Edition
2319,2320,725,Hardcover
2320,2321,687,Paperback
2321,2322,592,ebook
2322,2323,296,ebook
2323,2324,3,ebook
2324,2325,113,Kindle Edition
2325,2326,639,Hardcover
2326,2327,464,Unknown Binding
2327,2328,581,ebook
2328,2329,28,Nook
2329,2330,336,ebook
2330,2331,283,Kindle Edition
2331,2332,392,ebook
2332,2333,150,ebook
2333,2334,448,Kindle Edition
2334,2335,570,Hardcover
2335,2336,558,Kindle Edition
2336,2337,549,Hardcover
2337,2338,335,Kindle Edition
2338,2339,180,Kindle Edition
2339,2340,533,Kindle Edition
2340,2341,4081,Mass Market Paperback
2341,2342,316,Perfect Paperback
2342,2343,157,Mass Market Paperback
2343,2344,242,Kindle Edition
2344,2345,459,Hardcover
2345,2346,2184,ebook
2346,2347,299,Board Book
2347,2348,261,ebook
2349,2350,368,ebook
2350,2351,293,ebook
2351,2352,609,Audio CD
2352,2353,795,Paperback
2353,2354,290,Kindle Edition
2354,2355,69,ebook
2355,2356,1044,Hardcover
2356,2357,309,Kindle Edition
2357,2358,1125,Kindle Edition
2358,2359,320,Kindle Edition
2359,2360,583,Kindle Edition
2360,2361,327,Kindle Edition
2361,2362,2912,Hardcover
2362,2363,62,ebook
2363,2364,352,Kindle Edition
2364,2365,375,Kindle Edition
2365,2366,76,ebook
2366,2367,932,Paperback
2367,2368,1952,ebook
2368,2369,498,Kindle Edition
2370,2371,657,Kindle Edition
2371,2372,629,Kindle Edition
2372,2373,496,Kindle Edition
2373,2374,1025,Leather Bound
2374,2375,371,ebook
2375,2376,315,ebook
2376,2377,172,Kindle Edition
2377,2378,48,Kindle Edition
2378,2379,123,Kindle Edition
2379,2380,168,Kindle Edition
2380,2381,456,Kindle Edition
2381,2382,896,ebook
2382,2383,357,Kindle Edition
2383,2384,443,Hardcover
2384,2385,584,Hardcover
2385,2386,377,Kindle Edition
2386,2387,420,Kindle Edition
2387,2388,612,Kindle Edition
2388,2389,660,Kindle Edition
2389,2390,842,Hardcover
2390,2391,1214,ebook
2391,2392,561,Hardcover
2392,2393,763,Hardcover
2393,2394,811,Kindle Edition
2394,2395,230,Kindle Edition
2395,2396,664,Kindle Edition
2396,2397,358,Kindle Edition
2397,2398,376,ebook
2398,2399,945,Kindle Edition
2399,2400,180,ebook
2400,2401,529,Hardcover
2401,2402,249,ebook
2402,2403,5216,Mass Market Paperback
2403,2404,216,ebook
2404,2405,628,Kindle Edition
2405,2406,247,ebook
2406,2407,128,Kindle Edition
2407,2408,3914,Hardcover
2408,2409,594,Kindle Edition
2409,2410,494,Kindle Edition
2410,2411,353,Kindle Edition
2411,2412,623,Hardcover
2412,2413,326,Kindle Edition
2413,2414,200,
2414,2415,544,Unknown Binding
2415,2416,256,ebook
2416,2417,276,Nook
2417,2418,477,Paperback
2418,2419,201,Library Binding
2419,2420,416,ebook
2420,2421,119,Hardcover
2421,2422,846,Kindle Edition
2422,2423,64,Kindle Edition
2423,2424,314,Kindle Edition
2424,2425,2688,Paperback
2425,2426,466,Kindle Edition
2426,2427,757,Paperback
2428,2429,528,Kindle Edition
2429,2430,535,Kindle Edition
2430,2431,940,Hardcover
2431,2432,222,ebook
2432,2433,92,ebook
2433,2434,223,ebook
2434,2435,194,Kindle Edition
2435,2436,116,Kindle Edition
2436,2437,211,ebook
2437,2438,203,ebook
2438,2439,1,ebook
2439,2440,346,Kindle Edition
2440,2441,354,ebook
2441,2442,147,Hardcover
2442,2443,313,Kindle Edition
2443,2444,179,ebook
2444,2445,504,Kindle Edition
2445,2446,421,Kindle Edition
2446,2447,827,Hardcover
2447,2448,678,Paper
2448,2449,991,Paperback
2449,2450,576,ebook
2450,2451,278,Kindle Edition
2451,2452,214,Kindle Edition
2452,2453,239,Kindle Edition
2453,2454,235,Kindle Edition
2454,2455,300,ebook
2455,2456,70,Kindle Edition
2456,2457,37,Paperback
2457,2458,103,Kindle Edition
2458,2459,335,ebook
2459,2460,509,Kindle Edition
2460,2461,253,Nook
2461,2462,427,Kindle Edition
2462,2463,347,Kindle Edition
2463,2464,345,Kindle Edition
2464,2465,244,ebook
2465,2466,351,Kindle Edition
2466,2467,1792,Paperback
2467,2468,893,Kindle Edition
2468,2469,102,Kindle Edition
2469,2470,327,ebook
2470,2471,390,
2471,2472,94,Kindle Edition
2472,2473,285,Kindle Edition
2473,2474,210,ebook
2474,2475,591,Kindle Edition
2475,2476,195,ebook
2476,2477,427,ebook
2477,2478,1859,ebook
2478,2479,40,Board Book
2479,2480,546,Kindle Edition
2480,2481,305,ebook
2481,2482,505,Kindle Edition
2482,2483,172,ebook
2483,2484,43,ebook
2484,2485,542,Hardcover
2485,2486,111,ebook
2486,2487,350,ebook
2487,2488,422,Kindle Edition
2488,2489,386,ebook
2489,2490,545,Kindle Edition
2490,2491,249,Kindle Edition
2491,2492,67,ebook
2492,2493,2496,Hardcover
2493,2494,297,Kindle Edition
2494,2495,247,Kindle Edition
2495,2496,1600,ebook
2496,2497,410,ebook
2497,2498,43,Kindle Edition
2498,2499,374,Kindle Edition
2499,2500,554,ebook
2500,2501,643,ebook
2501,2502,296,Nook
2502,2503,372,Kindle Edition
2503,2504,836,Hardcover
2504,2505,234,Kindle Edition
2506,2507,379,Kindle Edition
2507,2508,306,Kindle Edition
2508,2509,520,Hardcover
2509,2510,1520,ebook
2510,2511,304,ebook
2511,2512,964,Paperback
2512,2513,548,Kindle Edition
2513,2514,265,Kindle Edition
2514,2515,2032,ebook
2515,2516,243,Kindle Edition
2516,2517,108,
2517,2518,173,Kindle Edition
2518,2519,219,Kindle Edition
2519,2520,179,Kindle Edition
2520,2521,345,Nook
2521,2522,355,Kindle Edition
2522,2523,245,ebook
2523,2524,100,ebook
2524,2525,189,ebook
2525,2526,332,Kindle Edition
2526,2527,330,Kindle Edition
2527,2528,432,ebook
2528,2529,133,Kindle Edition
2529,2530,369,ebook
2530,2531,256,Kindle Edition
2531,2532,483,Kindle Edition
2532,2533,355,ebook
2533,2534,245,Kindle Edition
2534,2535,241,Kindle Edition
2535,2536,1242,Kindle Edition
2536,2537,273,Kindle Edition
2537,2538,54,Kindle Edition
2538,2539,271,ebook
2539,2540,219,ebook
2540,2541,368,Kindle Edition
2541,2542,448,ebook
2542,2543,449,Kindle Edition
2543,2544,290,ebook
2544,2545,300,Kindle Edition
2545,2546,433,Kindle Edition
2546,2547,387,ebook
2547,2548,211,Kindle Edition
2548,2549,492,Kindle Edition
2549,2550,264,Kindle Edition
2550,2551,408,Kindle Edition
2551,2552,46,Paperback
2552,2553,265,ebook
2553,2554,193,ebook
2554,2555,385,ebook
2555,2556,1016,Paperback
2556,2557,641,Hardcover
2557,2558,720,Hardcover
2558,2559,229,Kindle Edition
2559,2560,474,Hardcover
2560,2561,395,Kindle Edition
2561,2562,529,Kindle Edition
2562,2563,237,ebook
2563,2564,156,Kindle Edition
2564,2565,279,Kindle Edition
2565,2566,579,Kindle Edition
2566,2567,68,ebook
2567,2568,61,ebook
2568,2569,386,Nook
2569,2570,209,Kindle Edition
2570,2571,72,ebook
2571,2572,1087,Hardcover
2572,2573,771,Hardcover
2573,2574,848,Hardcover
2574,2575,308,Kindle Edition
2575,2576,367,Kindle Edition
2576,2577,1556,Hardcover
2577,2578,240,Nook
2578,2579,462,Kindle Edition
2579,2580,464,Kindle Edition
2580,2581,257,Kindle Edition
2581,2582,370,Kindle Edition
2582,2583,331,Kindle Edition
2583,2584,333,Kindle Edition
2584,2585,337,Kindle Edition
2585,2586,328,Kindle Edition
2586,2587,342,ebook
2587,2588,207,Kindle Edition
2588,2589,231,ebook
2589,2590,373,ebook
2590,2591,337,ebook
2591,2592,260,Kindle Edition
2592,2593,34,Paperback
2593,2594,50,Unknown Binding
2594,2595,356,Kindle Edition
2595,2596,350,Kindle Edition
2596,2597,449,ebook
2597,2598,171,ebook
2598,2599,626,Kindle Edition
2599,2600,394,ebook
2600,2601,190,Kindle Edition
2601,2602,315,Nook
2602,2603,251,Kindle Edition
2603,2604,455,Kindle Edition
2604,2605,286,ebook
2605,2606,486,Kindle Edition
2606,2607,655,Hardcover
2607,2608,648,Hardcover
2608,2609,272,ebook
2609,2610,287,Kindle Edition
2610,2611,55,ebook
2611,2612,201,Kindle Edition
2612,2613,437,Hardcover
2613,2614,366,Kindle Edition
2614,2615,250,Kindle Edition
2615,2616,621,Hardcover
2616,2617,14,Kindle Edition
2617,2618,612,Hardcover
2618,2619,452,Kindle Edition
2619,2620,27,Kindle Edition
2620,2621,64,Unknown Binding
2621,2622,423,ebook
2622,2623,363,ebook
2623,2624,258,Kindle Edition
2624,2625,260,ebook
2625,2626,236,Kindle Edition
2626,2627,254,Kindle Edition
2627,2628,493,Hardcover
2628,2629,346,ebook
2629,2630,276,Kindle Edition
2630,2631,40,ebook
2631,2632,302,Kindle Edition
2632,2633,291,
2633,2634,325,Kindle Edition
2634,2635,182,Kindle Edition
2635,2636,185,ebook
2636,2637,206,Kindle Edition
2637,2638,50,ebook
2638,2639,212,Kindle Edition
2639,2640,49,Kindle Edition
2640,2641,438,Kindle Edition
2641,2642,329,ebook
2642,2643,10,Audiobook
2643,2644,261,Kindle Edition
2644,2645,426,Kindle Edition
2645,2646,189,Kindle Edition
2646,2647,537,ebook
2647,2648,198,ebook
2648,2649,176,Kindle Edition
2649,2650,608,ebook
2650,2651,682,Kindle Edition
2651,2652,376,Kindle Edition
2652,2653,6680,ebook
2653,2654,109,ebook
2654,2655,84,ebook
2655,2656,371,Kindle Edition
2656,2657,19,ebook
2657,2658,388,Kindle Edition
2658,2659,352,ebook
2659,2660,518,Kindle Edition
2660,2661,465,Kindle Edition
2661,2662,539,Kindle Edition
2662,2663,44,Kindle Edition
2663,2664,1252,Kindle Edition
2664,2665,466,ebook
2665,2666,758,Kindle Edition
2666,2667,443,Kindle Edition
2667,2668,643,Kindle Edition
2668,2669,404,Kindle Edition
2669,2670,225,ebook
2670,2671,402,Kindle Edition
2671,2672,338,ebook
2672,2673,244,Kindle Edition
2673,2674,92,
2674,2675,46,
2675,2676,296,Kindle Edition
2676,2677,272,Kindle Edition
2677,2678,323,Kindle Edition
2678,2679,386,Kindle Edition
2679,2680,8258,ebook
2680,2681,310,ebook
2681,2682,1390,Paperback
2682,2683,359,Kindle Edition
2683,2684,47,Kindle Edition
2684,2685,274,ebook
2685,2686,192,Kindle Edition
2686,2687,351,ebook
2687,2688,595,Kindle Edition
2688,2689,497,Kindle Edition
2689,2690,362,Kindle Edition
2690,2691,274,Kindle Edition
2691,2692,382,ebook
2692,2693,553,Paperback
2693,2694,78,Nook
2694,2695,354,Kindle Edition
2695,2696,333,ebook
2696,2697,406,ebook
2697,2698,417,Kindle Edition
2698,2699,525,Kindle Edition
2699,2700,155,Kindle Edition
2700,2701,100,Kindle Edition
2701,2702,227,Kindle Edition
2702,2703,560,Kindle Edition
2703,2704,280,ebook
2704,2705,65,ebook
2705,2706,590,Kindle Edition
2706,2707,41,Kindle Edition
2707,2708,1327,ebook
2708,2709,479,Kindle Edition
2709,2710,398,Kindle Edition
2710,2711,561,Kindle Edition
2711,2712,837,Paperback
2712,2713,254,ebook
2713,2714,65,Kindle Edition
2714,2715,872,Kindle Edition
2715,2716,344,Kindle Edition
2716,2717,315,Kindle Edition
2717,2718,536,Kindle Edition
2718,2719,3248,Hardcover
2719,2720,445,Kindle Edition
2720,2721,145,Kindle Edition
2721,2722,342,Kindle Edition
2722,2723,154,Kindle Edition
2723,2724,183,ebook
2724,2725,286,Kindle Edition
2725,2726,119,ebook
2726,2727,255,Mass Market Paperback
2727,2728,37,Audible Audio
2728,2729,416,Library Binding
2729,2730,396,Kindle Edition
2730,2731,437,Kindle Edition
2731,2732,840,ebook
2732,2733,491,Kindle Edition
2733,2734,158,Kindle Edition
2734,2735,530,Kindle Edition
2735,2736,106,Kindle Edition
2736,2737,634,Paperback
2737,2738,688,Unknown Binding
2738,2739,385,Kindle Edition
2739,2740,161,Kindle Edition
2740,2741,556,ebook
2741,2742,616,Hardcover
2742,2743,74,Hardcover
2743,2744,232,Kindle Edition
2744,2745,445,Hardcover
2745,2746,407,Kindle Edition
2746,2747,765,ebook
2747,2748,570,Nook
2748,2749,106,Hardcover
2749,2750,343,Kindle Edition
2750,2751,263,ebook
2751,2752,334,ebook
2752,2753,310,Kindle Edition
2753,2754,158,ebook
2754,2755,390,ebook
2755,2756,380,Kindle Edition
2756,2757,794,ebook
2757,2758,314,ebook
2758,2759,275,Kindle Edition
2759,2760,150,Kindle Edition
2761,2762,74,Kindle Edition
2762,2763,188,Kindle Edition
2763,2764,1813,Kindle Edition
2764,2765,281,Kindle Edition
2765,2766,168,
2766,2767,233,Kindle Edition
2767,2768,675,Kindle Edition
2768,2769,481,Kindle Edition
2769,2770,392,Kindle Edition
2770,2771,340,Kindle Edition
2771,2772,266,Kindle Edition
2772,2773,487,Kindle Edition
2773,2774,96,Unknown Binding
2774,2775,381,Kindle Edition
2775,2776,1196,Hardcover
2776,2777,734,ebook
2777,2778,15,Kindle Edition
2778,2779,601,Hardcover
2779,2780,412,Kindle Edition
2780,2781,193,Kindle Edition
2781,2782,120,ebook
2782,2783,316,ebook
2783,2784,271,Kindle Edition
2784,2785,307,Kindle Edition
2785,2786,664,ebook
2786,2787,83,Kindle Edition
2787,2788,268,ebook
2788,2789,324,ebook
2789,2790,77,Kindle Edition
2790,2791,425,Kindle Edition
2791,2792,53,ebook
2792,2793,752,Kindle Edition
2793,2794,193,Hardcover
2794,2795,405,ebook
2795,2796,72,Kindle Edition
2796,2797,798,Paperback
2797,2798,482,Kindle Edition
2798,2799,439,ebook
2799,2800,191,Kindle Edition
2800,2801,689,Hardcover
2801,2802,587,Kindle Edition
2802,2803,875,Kindle Edition
2803,2804,946,Kindle Edition
2804,2805,866,Kindle Edition
2805,2806,377,ebook
2806,2807,466,Nook
2807,2808,704,ebook
2808,2809,659,Library Binding
2809,2810,117,Kindle Edition
2810,2811,475,Kindle Edition
2811,2812,272,Unknown Binding
2812,2813,29,Kindle Edition
2813,2814,359,ebook
2814,2815,404,
2815,2816,99,Kindle Edition
2816,2817,185,
2817,2818,363,Kindle Edition
2818,2819,318,Kindle Edition
2819,2820,544,ebook
2820,2821,218,Kindle Edition
2821,2822,316,Kindle Edition
2822,2823,176,ebook
2823,2824,60,Nook
2824,2825,635,Kindle Edition
2825,2826,469,ebook
2826,2827,528,ebook
2827,2828,704,Kindle Edition
2828,2829,866,Hardcover
2829,2830,1040,Hardcover
2830,2831,292,Kindle Edition
2831,2832,270,Kindle Edition
2832,2833,294,Kindle Edition
2833,2834,221,Kindle Edition
2834,2835,225,Audio CD
2835,2836,847,Hardcover
2836,2837,339,Kindle Edition
2837,2838,146,Kindle Edition
2838,2839,450,Kindle Edition
2839,2840,790,Hardcover
2840,2841,18,Audible Audio
2841,2842,554,Kindle Edition
2842,2843,397,Kindle Edition
2843,2844,660,Hardcover
2844,2845,928,Hardcover
2845,2846,889,Kindle Edition
2846,2847,118,Kindle Edition
2847,2848,383,Kindle Edition
2848,2849,270,ebook
2849,2850,360,Kindle Edition
2850,2851,736,Kindle Edition
2851,2852,489,Kindle Edition
2852,2853,144,ebook
2853,2854,293,Kindle Edition
2854,2855,580,Kindle Edition
2855,2856,301,Kindle Edition
2856,2857,132,ebook
2857,2858,656,ebook
2858,2859,115,Kindle Edition
2859,2860,418,Kindle Edition
2860,2861,453,Kindle Edition
2861,2862,1452,Webnovel
2862,2863,141,Kindle Edition
2863,2864,177,Kindle Edition
2864,2865,9,Audible Audio
2865,2866,757,Kindle Edition
2866,2867,980,Hardcover
2867,2868,1104,ebook
2868,2869,435,Kindle Edition
2869,2870,1243,Hardcover
2870,2871,441,Kindle Edition
2871,2872,512,Kindle Edition
2872,2873,668,Kindle Edition
2873,2874,702,Hardcover
2874,2875,16,Audio CD
2875,2876,242,ebook
2876,2877,600,Hardcover
2877,2878,495,Kindle Edition
2878,2879,71,Hardcover
2879,2880,175,Kindle Edition
2880,2881,513,Kindle Edition
2881,2882,560,ebook
2882,2883,365,Kindle Edition
2883,2884,514,Kindle Edition
2884,2885,476,ebook
2885,2886,33,Kindle Edition
2886,2887,305,Kindle Edition
2887,2888,348,Kindle Edition
2888,2889,259,Kindle Edition
2889,2890,527,Kindle Edition
2890,2891,349,ebook
2891,2892,552,Paperback
2892,2893,277,Kindle Edition
2893,2894,507,Kindle Edition
2894,2895,625,Kindle Edition
2895,2896,431,Kindle Edition
2896,2897,454,ebook
2897,2898,542,Kindle Edition
2898,2899,217,Kindle Edition
2899,2900,501,Kindle Edition
2900,2901,401,Kindle Edition
2901,2902,284,Kindle Edition
2902,2903,228,Kindle Edition
2903,2904,120,Library Binding
2904,2905,540,Kindle Edition
2905,2906,1799,ebook
2906,2907,92,Kindle Edition
2907,2908,166,Kindle Edition
2908,2909,11,Audiobook
2909,2910,299,Kindle Edition
2910,2911,17,Kindle Edition
2911,2912,625,Hardcover
2912,2913,349,Kindle Edition
2913,2914,419,Kindle Edition
2914,2915,319,Kindle Edition
2915,2916,805,Hardcover
2916,2917,800,Kindle Edition
2917,2918,848,Kindle Edition
2918,2919,162,Kindle Edition
2919,2920,224,Kindle Edition
2920,2921,578,Kindle Edition
2921,2922,434,Kindle Edition
2922,2923,1009,Kindle Edition
2923,2924,516,Kindle Edition
2924,2925,609,Kindle Edition
2925,2926,469,Kindle Edition
2926,2927,559,Kindle Edition
2927,2928,658,Kindle Edition
2928,2929,60,Kindle Edition
2929,2930,98,Kindle Edition
2930,2931,544,Kindle Edition
2931,2932,298,Kindle Edition
2932,2933,485,Kindle Edition
2933,2934,160,Kindle Edition
2934,2935,373,Kindle Edition
2935,2936,204,ebook
2936,2937,576,Kindle Edition
2937,2938,82,
2938,2939,367,ebook
2939,2940,887,Kindle Edition
2940,2941,442,Kindle Edition
2941,2942,836,Kindle Edition
2942,2943,446,Kindle Edition
2944,2945,460,Kindle Edition
2945,2946,706,Kindle Edition
2946,2947,510,Kindle Edition
2947,2948,231,Kindle Edition
2948,2949,399,Kindle Edition
2949,2950,381,ebook
2950,2951,651,Kindle Edition
2951,2952,464,ebook
2952,2953,324,Kindle Edition
2953,2954,213,Kindle Edition
2954,2955,326,ebook
2955,2956,516,ebook
2956,2957,25,
2957,2958,2050,Webnovel
2958,2959,1026,Paperback
2959,2960,522,Kindle Edition
2960,2961,938,Kindle Edition
2961,2962,336,
2962,2963,79,Kindle Edition
2963,2964,112,Kindle Edition
2964,2965,289,Kindle Edition
2965,2966,127,Kindle Edition
2966,2967,7,Audiobook
2967,2968,2079,ebook
2968,2969,450,ebook
2969,2970,797,Kindle Edition
2970,2971,1408,Webnovel
2971,2972,587,Paperback
2972,2973,669,Paperback
2973,2974,52,Kindle Edition
2974,2975,62,Kindle Edition
2975,2976,394,Kindle Edition
2976,2977,311,ebook
2977,2978,520,Kindle Edition
2978,2979,169,Kindle Edition
2979,2980,382,Kindle Edition
2980,2981,436,Kindle Edition
2981,2982,90,Kindle Edition
2982,2983,880,Hardcover
2983,2984,210,Kindle Edition
2984,2985,1219,Hardcover
2985,2986,32,Kindle Edition
2986,2987,538,Kindle Edition
2987,2988,913,Hardcover
2988,2989,280,Kindle Edition
2989,2990,503,Kindle Edition
2990,2991,337,Library Binding
2991,2992,183,Kindle Edition
2992,2993,556,Kindle Edition
2993,2994,626,Hardcover
2994,2995,468,Kindle Edition
2995,2996,764,Kindle Edition
2996,2997,12,Audible Audio
2997,2998,541,Kindle Edition
2998,2999,477,Kindle Edition
2999,3000,205,ebook
3000,3001,600,ebook
3001,3002,622,ebook
3002,3003,757,Hardcover
3003,3004,76,Kindle Edition
3004,3005,200,ebook
3005,3006,654,Kindle Edition
3006,3007,472,Kindle Edition
3007,3008,551,Kindle Edition
3008,3009,487,ebook
3009,3010,637,Kindle Edition
3010,3011,661,Kindle Edition
3011,3012,613,Kindle Edition
3012,3013,138,Kindle Edition
3013,3014,768,Kindle Edition
3014,3015,534,Kindle Edition
3015,3016,459,Kindle Edition
3016,3017,430,Kindle Edition
3017,3018,42,Kindle Edition
3018,3019,151,Kindle Edition
3019,3020,795,Kindle Edition
3020,3021,410,Kindle Edition
3021,3022,300,
3022,3023,157,Kindle Edition
3023,3024,429,Kindle Edition
3024,3025,591,
3025,3026,674,Kindle Edition
3026,3027,389,Kindle Edition
3027,3028,118,ebook
3028,3029,641,Kindle Edition
3029,3030,26,Kindle Edition
3030,3031,647,Hardcover
3031,3032,170,Kindle Edition
3032,3033,506,Kindle Edition
3033,3034,378,Kindle Edition
3034,3035,572,Kindle Edition
3035,3036,141,Paperback
3036,3037,802,Hardcover
3037,3038,628,ebook
3038,3039,1260,Paperback
3039,3040,101,Kindle Edition
3040,3041,130,Kindle Edition
3041,3042,636,Hardcover
3042,3043,639,Kindle Edition
3043,3044,199,Kindle Edition
3044,3045,295,Kindle Edition
3045,3046,184,Kindle Edition
3046,3047,187,Kindle Edition
3047,3048,390,Kindle Edition
3048,3049,732,Hardcover
3049,3050,344,ebook
3050,3051,649,Kindle Edition
3051,3052,582,Kindle Edition
3052,3053,393,Kindle Edition
3053,3054,282,ebook
3054,3055,454,Kindle Edition
3055,3056,159,Kindle Edition
3056,3057,457,Paperback
3057,3058,269,Kindle Edition
3058,3059,334,Kindle Edition
3059,3060,470,ebook
3060,3061,341,Kindle Edition
3061,3062,524,Paperback
3062,3063,868,Hardcover
3063,3064,569,
3064,3065,476,Kindle Edition
3065,3066,97,Kindle Edition
3067,3068,665,Kindle Edition
3068,3069,36,Kindle Edition
3069,3070,570,Kindle Edition
3070,3071,557,Kindle Edition
3071,3072,480,ebook
3072,3073,255,Kindle Edition
3073,3074,650,Kindle Edition
3074,3075,39,Kindle Edition
3075,3076,329,Kindle Edition
3076,3077,246,Kindle Edition
3077,3078,67,Kindle Edition
3078,3079,562,Kindle Edition
3079,3080,197,Kindle Edition
3080,3081,23,Kindle Edition
3081,3082,523,Kindle Edition
3082,3083,693,Hardcover
3083,3084,663,Hardcover
3084,3085,440,Kindle Edition
3085,3086,499,Kindle Edition
3086,3087,517,Kindle Edition
3087,3088,45,Kindle Edition
3088,3089,302,ebook
3089,3090,311,Kindle Edition
3090,3091,68,Kindle Edition
3091,3092,458,Kindle Edition
3092,3093,451,ebook
3093,3094,934,Kindle Edition
3094,3095,28,Kindle Edition
3095,3096,31,Kindle Edition
3096,3097,38,Kindle Edition
3097,3098,942,Kindle Edition
3098,3099,53,Kindle Edition
3099,3100,220,Kindle Edition
3100,3101,86,Kindle Edition
3101,3102,119,Kindle Edition
3102,3103,776,Kindle Edition
3103,3104,364,Kindle Edition
